﻿<?xml version="1.0" encoding="utf-8"?>
<abapGit version="v1.0.0" serializer="LCL_OBJECT_CLAS" serializer_version="v1.0.0">
 <asx:abap xmlns:asx="http://www.sap.com/abapxml" version="1.0">
  <asx:values>
   <VSEOCLASS>
    <CLSNAME>ZCX_SAPLINK</CLSNAME>
    <VERSION>1</VERSION>
    <LANGU>E</LANGU>
    <DESCRIPT>SAPlink exception class</DESCRIPT>
    <CATEGORY>40</CATEGORY>
    <EXPOSURE>2</EXPOSURE>
    <STATE>1</STATE>
    <CLSCCINCL>X</CLSCCINCL>
    <FIXPT>X</FIXPT>
    <VARCL>X</VARCL>
    <UNICODE>X</UNICODE>
    <RSTAT>S</RSTAT>
   </VSEOCLASS>
   <SOTR>
    <item>
     <HEADER>
      <CONCEPT>005056907A6A1EE7ACE7505C67614C39</CONCEPT>
      <CREA_LAN>E</CREA_LAN>
      <TRALA_TYPE>1</TRALA_TYPE>
      <OBJID_VEC>CA==</OBJID_VEC>
     </HEADER>
     <ENTRIES>
      <SOTR_TEXT>
       <CONCEPT>005056907A6A1EE7ACE7505C67614C39</CONCEPT>
       <LANGU>E</LANGU>
       <LFD_NUM>0001</LFD_NUM>
       <FLAG_CNTXT>X</FLAG_CNTXT>
       <STATUS>R</STATUS>
       <LENGTH>255</LENGTH>
       <TEXT>&amp;MSG&amp;</TEXT>
      </SOTR_TEXT>
     </ENTRIES>
    </item>
    <item>
     <HEADER>
      <CONCEPT>005056907A6A1EE7ACE7505C67616C39</CONCEPT>
      <CREA_LAN>E</CREA_LAN>
      <TRALA_TYPE>1</TRALA_TYPE>
      <OBJID_VEC>CA==</OBJID_VEC>
     </HEADER>
     <ENTRIES>
      <SOTR_TEXT>
       <CONCEPT>005056907A6A1EE7ACE7505C67616C39</CONCEPT>
       <LANGU>E</LANGU>
       <LFD_NUM>0001</LFD_NUM>
       <FLAG_CNTXT>X</FLAG_CNTXT>
       <STATUS>R</STATUS>
       <LENGTH>255</LENGTH>
       <TEXT>A new object that you want to create already exists</TEXT>
      </SOTR_TEXT>
     </ENTRIES>
    </item>
    <item>
     <HEADER>
      <CONCEPT>005056907A6A1EE7ACE7505C67618C39</CONCEPT>
      <CREA_LAN>E</CREA_LAN>
      <TRALA_TYPE>1</TRALA_TYPE>
      <OBJID_VEC>CA==</OBJID_VEC>
     </HEADER>
     <ENTRIES>
      <SOTR_TEXT>
       <CONCEPT>005056907A6A1EE7ACE7505C67618C39</CONCEPT>
       <LANGU>E</LANGU>
       <LFD_NUM>0001</LFD_NUM>
       <FLAG_CNTXT>X</FLAG_CNTXT>
       <STATUS>R</STATUS>
       <LENGTH>255</LENGTH>
       <TEXT>File is not a valid nugget/slinkee file</TEXT>
      </SOTR_TEXT>
     </ENTRIES>
    </item>
    <item>
     <HEADER>
      <CONCEPT>005056907A6A1EE7ACE7505C6761AC39</CONCEPT>
      <CREA_LAN>E</CREA_LAN>
      <TRALA_TYPE>1</TRALA_TYPE>
      <OBJID_VEC>CA==</OBJID_VEC>
     </HEADER>
     <ENTRIES>
      <SOTR_TEXT>
       <CONCEPT>005056907A6A1EE7ACE7505C6761AC39</CONCEPT>
       <LANGU>E</LANGU>
       <LFD_NUM>0001</LFD_NUM>
       <FLAG_CNTXT>X</FLAG_CNTXT>
       <STATUS>R</STATUS>
       <LENGTH>255</LENGTH>
       <TEXT>Object &amp;OBJECT&amp; is locked</TEXT>
      </SOTR_TEXT>
     </ENTRIES>
    </item>
    <item>
     <HEADER>
      <CONCEPT>005056907A6A1EE7ACE7505C6761CC39</CONCEPT>
      <CREA_LAN>E</CREA_LAN>
      <TRALA_TYPE>1</TRALA_TYPE>
      <OBJID_VEC>CA==</OBJID_VEC>
     </HEADER>
     <ENTRIES>
      <SOTR_TEXT>
       <CONCEPT>005056907A6A1EE7ACE7505C6761CC39</CONCEPT>
       <LANGU>E</LANGU>
       <LFD_NUM>0001</LFD_NUM>
       <FLAG_CNTXT>X</FLAG_CNTXT>
       <STATUS>R</STATUS>
       <LENGTH>255</LENGTH>
       <TEXT>The user does not have the required authorization</TEXT>
      </SOTR_TEXT>
     </ENTRIES>
    </item>
    <item>
     <HEADER>
      <CONCEPT>005056907A6A1EE7ACE7505C6761EC39</CONCEPT>
      <CREA_LAN>E</CREA_LAN>
      <TRALA_TYPE>1</TRALA_TYPE>
      <OBJID_VEC>CA==</OBJID_VEC>
     </HEADER>
     <ENTRIES>
      <SOTR_TEXT>
       <CONCEPT>005056907A6A1EE7ACE7505C6761EC39</CONCEPT>
       <LANGU>E</LANGU>
       <LFD_NUM>0001</LFD_NUM>
       <FLAG_CNTXT>X</FLAG_CNTXT>
       <STATUS>R</STATUS>
       <LENGTH>255</LENGTH>
       <TEXT>Unable to find the requested object &amp;OBJECT&amp;</TEXT>
      </SOTR_TEXT>
     </ENTRIES>
    </item>
    <item>
     <HEADER>
      <CONCEPT>005056907A6A1EE7ACE7505C67620C39</CONCEPT>
      <CREA_LAN>E</CREA_LAN>
      <TRALA_TYPE>1</TRALA_TYPE>
      <OBJID_VEC>CA==</OBJID_VEC>
     </HEADER>
     <ENTRIES>
      <SOTR_TEXT>
       <CONCEPT>005056907A6A1EE7ACE7505C67620C39</CONCEPT>
       <LANGU>E</LANGU>
       <LFD_NUM>0001</LFD_NUM>
       <FLAG_CNTXT>X</FLAG_CNTXT>
       <STATUS>R</STATUS>
       <LENGTH>255</LENGTH>
       <TEXT>The plugin &amp;MSG&amp; is not available on this system</TEXT>
      </SOTR_TEXT>
     </ENTRIES>
    </item>
    <item>
     <HEADER>
      <CONCEPT>005056907A6A1EE7ACE7505C67622C39</CONCEPT>
      <CREA_LAN>E</CREA_LAN>
      <TRALA_TYPE>1</TRALA_TYPE>
      <OBJID_VEC>CA==</OBJID_VEC>
     </HEADER>
     <ENTRIES>
      <SOTR_TEXT>
       <CONCEPT>005056907A6A1EE7ACE7505C67622C39</CONCEPT>
       <LANGU>E</LANGU>
       <LFD_NUM>0001</LFD_NUM>
       <FLAG_CNTXT>X</FLAG_CNTXT>
       <STATUS>R</STATUS>
       <LENGTH>255</LENGTH>
       <TEXT>Internal error - you need to debug to identify the problem</TEXT>
      </SOTR_TEXT>
     </ENTRIES>
    </item>
    <item>
     <HEADER>
      <CONCEPT>005056907A6A1EE7ACE7505C67624C39</CONCEPT>
      <CREA_LAN>E</CREA_LAN>
      <TRALA_TYPE>1</TRALA_TYPE>
      <OBJID_VEC>CA==</OBJID_VEC>
     </HEADER>
     <ENTRIES>
      <SOTR_TEXT>
       <CONCEPT>005056907A6A1EE7ACE7505C67624C39</CONCEPT>
       <LANGU>E</LANGU>
       <LFD_NUM>0001</LFD_NUM>
       <FLAG_CNTXT>X</FLAG_CNTXT>
       <STATUS>R</STATUS>
       <LENGTH>255</LENGTH>
       <TEXT>&amp;MSG&amp;</TEXT>
      </SOTR_TEXT>
     </ENTRIES>
    </item>
   </SOTR>
   <DESCRIPTIONS>
    <SEOCOMPOTX>
     <CLSNAME>ZCX_SAPLINK</CLSNAME>
     <CMPNAME>CONSTRUCTOR</CMPNAME>
     <LANGU>E</LANGU>
     <DESCRIPT>CONSTRUCTOR</DESCRIPT>
    </SEOCOMPOTX>
    <SEOCOMPOTX>
     <CLSNAME>ZCX_SAPLINK</CLSNAME>
     <CMPNAME>MSG</CMPNAME>
     <LANGU>E</LANGU>
     <DESCRIPT>Error message variable</DESCRIPT>
    </SEOCOMPOTX>
    <SEOCOMPOTX>
     <CLSNAME>ZCX_SAPLINK</CLSNAME>
     <CMPNAME>NOT_AUTHORIZED</CMPNAME>
     <LANGU>E</LANGU>
     <DESCRIPT>Error message variable</DESCRIPT>
    </SEOCOMPOTX>
   </DESCRIPTIONS>
  </asx:values>
 </asx:abap>
</abapGit>
