﻿<?xml version="1.0" encoding="utf-8"?>
<abapGit version="v1.0.0" serializer="LCL_OBJECT_CLAS" serializer_version="v1.0.0">
 <asx:abap xmlns:asx="http://www.sap.com/abapxml" version="1.0">
  <asx:values>
   <VSEOCLASS>
    <CLSNAME>ZSAPLINK_CLASS</CLSNAME>
    <VERSION>1</VERSION>
    <LANGU>E</LANGU>
    <DESCRIPT>SAPlink Class Installer</DESCRIPT>
    <EXPOSURE>2</EXPOSURE>
    <STATE>1</STATE>
    <CLSCCINCL>X</CLSCCINCL>
    <FIXPT>X</FIXPT>
    <UNICODE>X</UNICODE>
   </VSEOCLASS>
   <DESCRIPTIONS>
    <SEOCOMPOTX>
     <CLSNAME>ZSAPLINK_CLASS</CLSNAME>
     <CMPNAME>CREATE_DOCUMENTATION</CMPNAME>
     <LANGU>E</LANGU>
     <DESCRIPT>Create Documentation</DESCRIPT>
    </SEOCOMPOTX>
    <SEOCOMPOTX>
     <CLSNAME>ZSAPLINK_CLASS</CLSNAME>
     <CMPNAME>CREATE_METHOD_DOCUMENTATION</CMPNAME>
     <LANGU>E</LANGU>
     <DESCRIPT>Create Method Documentation</DESCRIPT>
    </SEOCOMPOTX>
    <SEOCOMPOTX>
     <CLSNAME>ZSAPLINK_CLASS</CLSNAME>
     <CMPNAME>CREATE_SECTIONS</CMPNAME>
     <LANGU>E</LANGU>
     <DESCRIPT>Create Class sections (???)</DESCRIPT>
    </SEOCOMPOTX>
    <SEOCOMPOTX>
     <CLSNAME>ZSAPLINK_CLASS</CLSNAME>
     <CMPNAME>CREATE_TEXTPOOL</CMPNAME>
     <LANGU>E</LANGU>
     <DESCRIPT>Create Class Text Pool</DESCRIPT>
    </SEOCOMPOTX>
    <SEOCOMPOTX>
     <CLSNAME>ZSAPLINK_CLASS</CLSNAME>
     <CMPNAME>GET_DOCUMENTATION</CMPNAME>
     <LANGU>E</LANGU>
     <DESCRIPT>Get Documentation</DESCRIPT>
    </SEOCOMPOTX>
    <SEOCOMPOTX>
     <CLSNAME>ZSAPLINK_CLASS</CLSNAME>
     <CMPNAME>GET_METHOD_DOCUMENTATION</CMPNAME>
     <LANGU>E</LANGU>
     <DESCRIPT>Get Method Documentation</DESCRIPT>
    </SEOCOMPOTX>
    <SEOCOMPOTX>
     <CLSNAME>ZSAPLINK_CLASS</CLSNAME>
     <CMPNAME>GET_SECTIONS</CMPNAME>
     <LANGU>E</LANGU>
     <DESCRIPT>Get class sections ( ??? )</DESCRIPT>
    </SEOCOMPOTX>
    <SEOCOMPOTX>
     <CLSNAME>ZSAPLINK_CLASS</CLSNAME>
     <CMPNAME>GET_TEXTPOOL</CMPNAME>
     <LANGU>E</LANGU>
     <DESCRIPT>Get Class Text Pool</DESCRIPT>
    </SEOCOMPOTX>
    <SEOCOMPOTX>
     <CLSNAME>ZSAPLINK_CLASS</CLSNAME>
     <CMPNAME>MV_STEAMROLLER</CMPNAME>
     <LANGU>E</LANGU>
     <DESCRIPT>If true impl. of exceptionclass constructur get exported</DESCRIPT>
    </SEOCOMPOTX>
   </DESCRIPTIONS>
  </asx:values>
 </asx:abap>
</abapGit>
