﻿<?xml version="1.0" encoding="utf-8"?>
<abapGit version="v1.0.0" serializer="LCL_OBJECT_CLAS" serializer_version="v1.0.0">
 <asx:abap xmlns:asx="http://www.sap.com/abapxml" version="1.0">
  <asx:values>
   <VSEOCLASS>
    <CLSNAME>ZSAPLINK_MIME</CLSNAME>
    <VERSION>1</VERSION>
    <LANGU>E</LANGU>
    <DESCRIPT>SapLink Class Installer</DESCRIPT>
    <EXPOSURE>2</EXPOSURE>
    <STATE>1</STATE>
    <CLSCCINCL>X</CLSCCINCL>
    <FIXPT>X</FIXPT>
    <UNICODE>X</UNICODE>
   </VSEOCLASS>
   <DESCRIPTIONS>
    <SEOCOMPOTX>
     <CLSNAME>ZSAPLINK_MIME</CLSNAME>
     <CMPNAME>GC_DOC_CLASS_FOLDER_LOG</CMPNAME>
     <LANGU>E</LANGU>
     <DESCRIPT>Folder document class</DESCRIPT>
    </SEOCOMPOTX>
    <SEOCOMPOTX>
     <CLSNAME>ZSAPLINK_MIME</CLSNAME>
     <CMPNAME>GC_DOC_CLASS_IMAGE_LOG</CMPNAME>
     <LANGU>E</LANGU>
     <DESCRIPT>Document class</DESCRIPT>
    </SEOCOMPOTX>
    <SEOCOMPOTX>
     <CLSNAME>ZSAPLINK_MIME</CLSNAME>
     <CMPNAME>GC_OBJECT_TYPE</CMPNAME>
     <LANGU>E</LANGU>
     <DESCRIPT>MIME object type</DESCRIPT>
    </SEOCOMPOTX>
    <SEOCOMPOTX>
     <CLSNAME>ZSAPLINK_MIME</CLSNAME>
     <CMPNAME>GC_PROP_FOLDER_CLASS</CMPNAME>
     <LANGU>E</LANGU>
     <DESCRIPT>Property folder class</DESCRIPT>
    </SEOCOMPOTX>
    <SEOCOMPOTX>
     <CLSNAME>ZSAPLINK_MIME</CLSNAME>
     <CMPNAME>GC_PROP_FOLDER_ID</CMPNAME>
     <LANGU>E</LANGU>
     <DESCRIPT>Property folder id</DESCRIPT>
    </SEOCOMPOTX>
    <SEOCOMPOTX>
     <CLSNAME>ZSAPLINK_MIME</CLSNAME>
     <CMPNAME>GC_PROP_URL</CMPNAME>
     <LANGU>E</LANGU>
     <DESCRIPT>Property relative url</DESCRIPT>
    </SEOCOMPOTX>
    <SEOCOMPOTX>
     <CLSNAME>ZSAPLINK_MIME</CLSNAME>
     <CMPNAME>GET_MIME_CLASS</CMPNAME>
     <LANGU>E</LANGU>
     <DESCRIPT>Get document class of LOIO (objname)</DESCRIPT>
    </SEOCOMPOTX>
    <SEOCOMPOTX>
     <CLSNAME>ZSAPLINK_MIME</CLSNAME>
     <CMPNAME>GET_MIME_DESCRIPTION</CMPNAME>
     <LANGU>E</LANGU>
     <DESCRIPT>Get description of LOIO (objname)</DESCRIPT>
    </SEOCOMPOTX>
    <SEOCOMPOTX>
     <CLSNAME>ZSAPLINK_MIME</CLSNAME>
     <CMPNAME>GET_MIME_PATH</CMPNAME>
     <LANGU>E</LANGU>
     <DESCRIPT>Get path from LOIO (objname)</DESCRIPT>
    </SEOCOMPOTX>
    <SEOCOMPOTX>
     <CLSNAME>ZSAPLINK_MIME</CLSNAME>
     <CMPNAME>GR_MIME_REPOSITORY</CMPNAME>
     <LANGU>E</LANGU>
     <DESCRIPT>API for MIME Repository</DESCRIPT>
    </SEOCOMPOTX>
    <SEOCOMPOTX>
     <CLSNAME>ZSAPLINK_MIME</CLSNAME>
     <CMPNAME>GV_MIME_PATH</CMPNAME>
     <LANGU>E</LANGU>
     <DESCRIPT>MIME path</DESCRIPT>
    </SEOCOMPOTX>
    <SEOCOMPOTX>
     <CLSNAME>ZSAPLINK_MIME</CLSNAME>
     <CMPNAME>MIME_TO_XML</CMPNAME>
     <LANGU>E</LANGU>
     <DESCRIPT>Convert MIME to XML</DESCRIPT>
    </SEOCOMPOTX>
    <SEOCOMPOTX>
     <CLSNAME>ZSAPLINK_MIME</CLSNAME>
     <CMPNAME>XML_TO_MIME</CMPNAME>
     <LANGU>E</LANGU>
     <DESCRIPT>Convert XML to MIME</DESCRIPT>
    </SEOCOMPOTX>
   </DESCRIPTIONS>
  </asx:values>
 </asx:abap>
</abapGit>
