﻿<?xml version="1.0" encoding="utf-8"?>
<abapGit version="v1.0.0" serializer="LCL_OBJECT_CLAS" serializer_version="v1.0.0">
 <asx:abap xmlns:asx="http://www.sap.com/abapxml" version="1.0">
  <asx:values>
   <VSEOCLASS>
    <CLSNAME>ZSAPLINK_FUNCTIONGROUP</CLSNAME>
    <VERSION>1</VERSION>
    <LANGU>E</LANGU>
    <DESCRIPT>SAPlink - Function Groups</DESCRIPT>
    <EXPOSURE>2</EXPOSURE>
    <STATE>1</STATE>
    <CLSFINAL>X</CLSFINAL>
    <CLSCCINCL>X</CLSCCINCL>
    <FIXPT>X</FIXPT>
    <UNICODE>X</UNICODE>
   </VSEOCLASS>
   <DESCRIPTIONS>
    <SEOCOMPOTX>
     <CLSNAME>ZSAPLINK_FUNCTIONGROUP</CLSNAME>
     <CMPNAME>ACTUALIZE_OBJECT_TREE</CMPNAME>
     <LANGU>E</LANGU>
     <DESCRIPT>Refresh Object Tree</DESCRIPT>
    </SEOCOMPOTX>
    <SEOCOMPOTX>
     <CLSNAME>ZSAPLINK_FUNCTIONGROUP</CLSNAME>
     <CMPNAME>CREATE_DOCUMENTATION</CMPNAME>
     <LANGU>E</LANGU>
     <DESCRIPT>Create Documentation</DESCRIPT>
    </SEOCOMPOTX>
    <SEOCOMPOTX>
     <CLSNAME>ZSAPLINK_FUNCTIONGROUP</CLSNAME>
     <CMPNAME>CREATE_DYNPRO</CMPNAME>
     <LANGU>E</LANGU>
     <DESCRIPT>Create Dynpro</DESCRIPT>
    </SEOCOMPOTX>
    <SEOCOMPOTX>
     <CLSNAME>ZSAPLINK_FUNCTIONGROUP</CLSNAME>
     <CMPNAME>CREATE_FM_DOCUMENTATION</CMPNAME>
     <LANGU>E</LANGU>
     <DESCRIPT>Create FM Documentation</DESCRIPT>
    </SEOCOMPOTX>
    <SEOCOMPOTX>
     <CLSNAME>ZSAPLINK_FUNCTIONGROUP</CLSNAME>
     <CMPNAME>CREATE_FUNCTION_MODULES</CMPNAME>
     <LANGU>E</LANGU>
     <DESCRIPT>Create Function Modules</DESCRIPT>
    </SEOCOMPOTX>
    <SEOCOMPOTX>
     <CLSNAME>ZSAPLINK_FUNCTIONGROUP</CLSNAME>
     <CMPNAME>CREATE_INCLUDES</CMPNAME>
     <LANGU>E</LANGU>
     <DESCRIPT>Create Include Programs</DESCRIPT>
    </SEOCOMPOTX>
    <SEOCOMPOTX>
     <CLSNAME>ZSAPLINK_FUNCTIONGROUP</CLSNAME>
     <CMPNAME>CREATE_PFSTATUS</CMPNAME>
     <LANGU>E</LANGU>
     <DESCRIPT>Create Gui Status</DESCRIPT>
    </SEOCOMPOTX>
    <SEOCOMPOTX>
     <CLSNAME>ZSAPLINK_FUNCTIONGROUP</CLSNAME>
     <CMPNAME>CREATE_SOURCE</CMPNAME>
     <LANGU>E</LANGU>
     <DESCRIPT>Create Source</DESCRIPT>
    </SEOCOMPOTX>
    <SEOCOMPOTX>
     <CLSNAME>ZSAPLINK_FUNCTIONGROUP</CLSNAME>
     <CMPNAME>CREATE_TEXTPOOL</CMPNAME>
     <LANGU>E</LANGU>
     <DESCRIPT>Create Text Pool</DESCRIPT>
    </SEOCOMPOTX>
    <SEOCOMPOTX>
     <CLSNAME>ZSAPLINK_FUNCTIONGROUP</CLSNAME>
     <CMPNAME>DEQUEUE_ABAP</CMPNAME>
     <LANGU>E</LANGU>
     <DESCRIPT>Dequeue ABAP</DESCRIPT>
    </SEOCOMPOTX>
    <SEOCOMPOTX>
     <CLSNAME>ZSAPLINK_FUNCTIONGROUP</CLSNAME>
     <CMPNAME>ENQUEUE_ABAP</CMPNAME>
     <LANGU>E</LANGU>
     <DESCRIPT>Enqueue ABAP</DESCRIPT>
    </SEOCOMPOTX>
    <SEOCOMPOTX>
     <CLSNAME>ZSAPLINK_FUNCTIONGROUP</CLSNAME>
     <CMPNAME>GET_DOCUMENTATION</CMPNAME>
     <LANGU>E</LANGU>
     <DESCRIPT>Get Documentation</DESCRIPT>
    </SEOCOMPOTX>
    <SEOCOMPOTX>
     <CLSNAME>ZSAPLINK_FUNCTIONGROUP</CLSNAME>
     <CMPNAME>GET_DYNPRO</CMPNAME>
     <LANGU>E</LANGU>
     <DESCRIPT>Get Dynpro</DESCRIPT>
    </SEOCOMPOTX>
    <SEOCOMPOTX>
     <CLSNAME>ZSAPLINK_FUNCTIONGROUP</CLSNAME>
     <CMPNAME>GET_FM_DOCUMENTATION</CMPNAME>
     <LANGU>E</LANGU>
     <DESCRIPT>Get FM Documentation</DESCRIPT>
    </SEOCOMPOTX>
    <SEOCOMPOTX>
     <CLSNAME>ZSAPLINK_FUNCTIONGROUP</CLSNAME>
     <CMPNAME>GET_FUNCTION_MODULES</CMPNAME>
     <LANGU>E</LANGU>
     <DESCRIPT>Get Function Modules</DESCRIPT>
    </SEOCOMPOTX>
    <SEOCOMPOTX>
     <CLSNAME>ZSAPLINK_FUNCTIONGROUP</CLSNAME>
     <CMPNAME>GET_INCLUDES</CMPNAME>
     <LANGU>E</LANGU>
     <DESCRIPT>Get Include Programs</DESCRIPT>
    </SEOCOMPOTX>
    <SEOCOMPOTX>
     <CLSNAME>ZSAPLINK_FUNCTIONGROUP</CLSNAME>
     <CMPNAME>GET_PFSTATUS</CMPNAME>
     <LANGU>E</LANGU>
     <DESCRIPT>Get Gui Status</DESCRIPT>
    </SEOCOMPOTX>
    <SEOCOMPOTX>
     <CLSNAME>ZSAPLINK_FUNCTIONGROUP</CLSNAME>
     <CMPNAME>GET_TEXTPOOL</CMPNAME>
     <LANGU>E</LANGU>
     <DESCRIPT>Get Text Pool</DESCRIPT>
    </SEOCOMPOTX>
    <SEOCOMPOTX>
     <CLSNAME>ZSAPLINK_FUNCTIONGROUP</CLSNAME>
     <CMPNAME>TRANSPORT_COPY</CMPNAME>
     <LANGU>E</LANGU>
     <DESCRIPT>Transport Copy</DESCRIPT>
    </SEOCOMPOTX>
   </DESCRIPTIONS>
  </asx:values>
 </asx:abap>
</abapGit>
