﻿<?xml version="1.0" encoding="utf-8"?>
<abapGit version="v1.0.0" serializer="LCL_OBJECT_CLAS" serializer_version="v1.0.0">
 <asx:abap xmlns:asx="http://www.sap.com/abapxml" version="1.0">
  <asx:values>
   <VSEOCLASS>
    <CLSNAME>ZSAPLINK_ENH_IMPLEMENTATION</CLSNAME>
    <VERSION>1</VERSION>
    <LANGU>E</LANGU>
    <DESCRIPT>SAPlink Class Installer</DESCRIPT>
    <EXPOSURE>2</EXPOSURE>
    <STATE>1</STATE>
    <CLSCCINCL>X</CLSCCINCL>
    <FIXPT>X</FIXPT>
    <UNICODE>X</UNICODE>
    <WITH_UNIT_TESTS>X</WITH_UNIT_TESTS>
   </VSEOCLASS>
   <DESCRIPTIONS>
    <SEOCOMPOTX>
     <CLSNAME>ZSAPLINK_ENH_IMPLEMENTATION</CLSNAME>
     <CMPNAME>ENHANCEMENT_ID</CMPNAME>
     <LANGU>E</LANGU>
     <DESCRIPT>Name for the enhancement_id Attribute</DESCRIPT>
    </SEOCOMPOTX>
    <SEOCOMPOTX>
     <CLSNAME>ZSAPLINK_ENH_IMPLEMENTATION</CLSNAME>
     <CMPNAME>ENHTOOLTYPE</CMPNAME>
     <LANGU>E</LANGU>
     <DESCRIPT>Enhancement Tool</DESCRIPT>
    </SEOCOMPOTX>
    <SEOCOMPOTX>
     <CLSNAME>ZSAPLINK_ENH_IMPLEMENTATION</CLSNAME>
     <CMPNAME>GET_IMPLEMENTATIONS</CMPNAME>
     <LANGU>E</LANGU>
     <DESCRIPT>Read Enhanchement Implementations</DESCRIPT>
    </SEOCOMPOTX>
    <SEOCOMPOTX>
     <CLSNAME>ZSAPLINK_ENH_IMPLEMENTATION</CLSNAME>
     <CMPNAME>GET_IMPL_TOOL</CMPNAME>
     <LANGU>E</LANGU>
     <DESCRIPT>Read Implementation Tool</DESCRIPT>
    </SEOCOMPOTX>
    <SEOCOMPOTX>
     <CLSNAME>ZSAPLINK_ENH_IMPLEMENTATION</CLSNAME>
     <CMPNAME>GET_SHORTTEXT</CMPNAME>
     <LANGU>E</LANGU>
     <DESCRIPT>Read Short text of Enhancement Implementations</DESCRIPT>
    </SEOCOMPOTX>
    <SEOCOMPOTX>
     <CLSNAME>ZSAPLINK_ENH_IMPLEMENTATION</CLSNAME>
     <CMPNAME>OBJ_NAME</CMPNAME>
     <LANGU>E</LANGU>
     <DESCRIPT>Object Name in Object List</DESCRIPT>
    </SEOCOMPOTX>
    <SEOCOMPOTX>
     <CLSNAME>ZSAPLINK_ENH_IMPLEMENTATION</CLSNAME>
     <CMPNAME>OBJ_TYPE</CMPNAME>
     <LANGU>E</LANGU>
     <DESCRIPT>Object Type</DESCRIPT>
    </SEOCOMPOTX>
    <SEOCOMPOTX>
     <CLSNAME>ZSAPLINK_ENH_IMPLEMENTATION</CLSNAME>
     <CMPNAME>PGMID</CMPNAME>
     <LANGU>E</LANGU>
     <DESCRIPT>Program ID in Requests and Tasks</DESCRIPT>
    </SEOCOMPOTX>
    <SEOCOMPOTX>
     <CLSNAME>ZSAPLINK_ENH_IMPLEMENTATION</CLSNAME>
     <CMPNAME>PROGRAM</CMPNAME>
     <LANGU>E</LANGU>
     <DESCRIPT>ABAP Program Name</DESCRIPT>
    </SEOCOMPOTX>
    <SEOCOMPOTX>
     <CLSNAME>ZSAPLINK_ENH_IMPLEMENTATION</CLSNAME>
     <CMPNAME>SAVE_BADI_IMPL</CMPNAME>
     <LANGU>E</LANGU>
     <DESCRIPT>Save BAdi Implementation</DESCRIPT>
    </SEOCOMPOTX>
    <SEOCOMPOTX>
     <CLSNAME>ZSAPLINK_ENH_IMPLEMENTATION</CLSNAME>
     <CMPNAME>SAVE_HOOK_IMPL</CMPNAME>
     <LANGU>E</LANGU>
     <DESCRIPT>Save Hook Implementation</DESCRIPT>
    </SEOCOMPOTX>
    <SEOCOMPOTX>
     <CLSNAME>ZSAPLINK_ENH_IMPLEMENTATION</CLSNAME>
     <CMPNAME>SPOT_NAME</CMPNAME>
     <LANGU>E</LANGU>
     <DESCRIPT>Name (ID) of an Enhancement Spot</DESCRIPT>
    </SEOCOMPOTX>
   </DESCRIPTIONS>
  </asx:values>
 </asx:abap>
</abapGit>
