﻿<?xml version="1.0" encoding="utf-8"?>
<abapGit version="v1.0.0" serializer="LCL_OBJECT_CLAS" serializer_version="v1.0.0">
 <asx:abap xmlns:asx="http://www.sap.com/abapxml" version="1.0">
  <asx:values>
   <VSEOCLASS>
    <CLSNAME>ZSAPLINK</CLSNAME>
    <VERSION>1</VERSION>
    <LANGU>E</LANGU>
    <DESCRIPT>SAPlink main class</DESCRIPT>
    <EXPOSURE>2</EXPOSURE>
    <STATE>1</STATE>
    <CLSABSTRCT>X</CLSABSTRCT>
    <CLSCCINCL>X</CLSCCINCL>
    <FIXPT>X</FIXPT>
    <UNICODE>X</UNICODE>
    <WITH_UNIT_TESTS>X</WITH_UNIT_TESTS>
   </VSEOCLASS>
   <LINES>
    <TLINE>
     <TDFORMAT>U1</TDFORMAT>
     <TDLINE>&amp;FUNCTIONALITY&amp;</TDLINE>
    </TLINE>
    <TLINE>
     <TDFORMAT>AS</TDFORMAT>
    </TLINE>
    <TLINE>
     <TDFORMAT>U1</TDFORMAT>
     <TDLINE>&amp;RELATIONS&amp;</TDLINE>
    </TLINE>
    <TLINE>
     <TDFORMAT>AS</TDFORMAT>
    </TLINE>
    <TLINE>
     <TDFORMAT>U1</TDFORMAT>
     <TDLINE>&amp;EXAMPLE&amp;</TDLINE>
    </TLINE>
    <TLINE>
     <TDFORMAT>AS</TDFORMAT>
    </TLINE>
    <TLINE>
     <TDFORMAT>U1</TDFORMAT>
     <TDLINE>&amp;HINTS&amp;</TDLINE>
    </TLINE>
    <TLINE>
     <TDFORMAT>AS</TDFORMAT>
    </TLINE>
    <TLINE>
     <TDFORMAT>U1</TDFORMAT>
     <TDLINE>&amp;FURTHER_SOURCES_OF_INF&amp;</TDLINE>
    </TLINE>
    <TLINE>
     <TDFORMAT>AS</TDFORMAT>
     <TDLINE>Version 1.0.0:  Added functionality to pass version information</TDLINE>
    </TLINE>
   </LINES>
   <DESCRIPTIONS>
    <SEOCOMPOTX>
     <CLSNAME>ZSAPLINK</CLSNAME>
     <CMPNAME>BUILDTABLEFROMSTRING</CMPNAME>
     <LANGU>E</LANGU>
     <DESCRIPT>Build a table</DESCRIPT>
    </SEOCOMPOTX>
    <SEOCOMPOTX>
     <CLSNAME>ZSAPLINK</CLSNAME>
     <CMPNAME>CHECKEXISTS</CMPNAME>
     <LANGU>E</LANGU>
     <DESCRIPT>Check if object exists</DESCRIPT>
    </SEOCOMPOTX>
    <SEOCOMPOTX>
     <CLSNAME>ZSAPLINK</CLSNAME>
     <CMPNAME>CONSTRUCTOR</CMPNAME>
     <LANGU>E</LANGU>
     <DESCRIPT>CONSTRUCTOR</DESCRIPT>
    </SEOCOMPOTX>
    <SEOCOMPOTX>
     <CLSNAME>ZSAPLINK</CLSNAME>
     <CMPNAME>CONVERTIXMLDOCTOSTRING</CMPNAME>
     <LANGU>E</LANGU>
     <DESCRIPT>Converts any IF_IXML_DOCUMENT to a String</DESCRIPT>
    </SEOCOMPOTX>
    <SEOCOMPOTX>
     <CLSNAME>ZSAPLINK</CLSNAME>
     <CMPNAME>CONVERTSTRINGTOIXMLDOC</CMPNAME>
     <LANGU>E</LANGU>
     <DESCRIPT>Converts any String into an IF_IXML_DOCUMENT</DESCRIPT>
    </SEOCOMPOTX>
    <SEOCOMPOTX>
     <CLSNAME>ZSAPLINK</CLSNAME>
     <CMPNAME>CREATEIXMLDOCFROMOBJECT</CMPNAME>
     <LANGU>E</LANGU>
     <DESCRIPT>Creates an IF_IXML_DOCUMENT from the OBJNAME Attribute</DESCRIPT>
    </SEOCOMPOTX>
    <SEOCOMPOTX>
     <CLSNAME>ZSAPLINK</CLSNAME>
     <CMPNAME>CREATENODEFROMOTR</CMPNAME>
     <LANGU>E</LANGU>
     <DESCRIPT>Creates an XML node from an OTR object</DESCRIPT>
    </SEOCOMPOTX>
    <SEOCOMPOTX>
     <CLSNAME>ZSAPLINK</CLSNAME>
     <CMPNAME>CREATEOBJECTFROMIXMLDOC</CMPNAME>
     <LANGU>E</LANGU>
     <DESCRIPT>Creates Object on System from IXMLDocument passed in</DESCRIPT>
    </SEOCOMPOTX>
    <SEOCOMPOTX>
     <CLSNAME>ZSAPLINK</CLSNAME>
     <CMPNAME>CREATEOTRFROMNODE</CMPNAME>
     <LANGU>E</LANGU>
     <DESCRIPT>Get an OTR object from XML node</DESCRIPT>
    </SEOCOMPOTX>
    <SEOCOMPOTX>
     <CLSNAME>ZSAPLINK</CLSNAME>
     <CMPNAME>CREATESTRINGFROMOBJECT</CMPNAME>
     <LANGU>E</LANGU>
     <DESCRIPT>Creates a String from the OBJNAME Attribute</DESCRIPT>
    </SEOCOMPOTX>
    <SEOCOMPOTX>
     <CLSNAME>ZSAPLINK</CLSNAME>
     <CMPNAME>CREATEXMLSTRING</CMPNAME>
     <LANGU>E</LANGU>
     <DESCRIPT>converts data stored in iXML to a string</DESCRIPT>
    </SEOCOMPOTX>
    <SEOCOMPOTX>
     <CLSNAME>ZSAPLINK</CLSNAME>
     <CMPNAME>DELETEOBJECT</CMPNAME>
     <LANGU>E</LANGU>
     <DESCRIPT>Delete object</DESCRIPT>
    </SEOCOMPOTX>
    <SEOCOMPOTX>
     <CLSNAME>ZSAPLINK</CLSNAME>
     <CMPNAME>GETOBJECTINFOFROMIXMLDOC</CMPNAME>
     <LANGU>E</LANGU>
     <DESCRIPT>Gets the info of the Object that the XMLDOCUMENT describes</DESCRIPT>
    </SEOCOMPOTX>
    <SEOCOMPOTX>
     <CLSNAME>ZSAPLINK</CLSNAME>
     <CMPNAME>GETOBJECTTYPE</CMPNAME>
     <LANGU>E</LANGU>
     <DESCRIPT>Get object type of plugin</DESCRIPT>
    </SEOCOMPOTX>
    <SEOCOMPOTX>
     <CLSNAME>ZSAPLINK</CLSNAME>
     <CMPNAME>GETPLUGINS</CMPNAME>
     <LANGU>E</LANGU>
     <DESCRIPT>Get installed saplink plugins</DESCRIPT>
    </SEOCOMPOTX>
    <SEOCOMPOTX>
     <CLSNAME>ZSAPLINK</CLSNAME>
     <CMPNAME>GETSTRUCTUREFROMATTRIBUTES</CMPNAME>
     <LANGU>E</LANGU>
     <DESCRIPT>Updates a structure with node attributes</DESCRIPT>
    </SEOCOMPOTX>
    <SEOCOMPOTX>
     <CLSNAME>ZSAPLINK</CLSNAME>
     <CMPNAME>GET_VERSION_INFO</CMPNAME>
     <LANGU>E</LANGU>
     <DESCRIPT>Get version info for this class - redefinable by child class</DESCRIPT>
    </SEOCOMPOTX>
    <SEOCOMPOTX>
     <CLSNAME>ZSAPLINK</CLSNAME>
     <CMPNAME>GET_VERSION_INFO_STATIC</CMPNAME>
     <LANGU>E</LANGU>
     <DESCRIPT>Get version info for this class</DESCRIPT>
    </SEOCOMPOTX>
    <SEOCOMPOTX>
     <CLSNAME>ZSAPLINK</CLSNAME>
     <CMPNAME>GTS_VERSION_INFO</CMPNAME>
     <LANGU>E</LANGU>
     <DESCRIPT>Version information</DESCRIPT>
    </SEOCOMPOTX>
    <SEOCOMPOTX>
     <CLSNAME>ZSAPLINK</CLSNAME>
     <CMPNAME>IXML</CMPNAME>
     <LANGU>E</LANGU>
     <DESCRIPT>IF_IXML</DESCRIPT>
    </SEOCOMPOTX>
    <SEOCOMPOTX>
     <CLSNAME>ZSAPLINK</CLSNAME>
     <CMPNAME>NUGGET_LEVEL</CMPNAME>
     <LANGU>E</LANGU>
     <DESCRIPT>Nugget create sequence</DESCRIPT>
    </SEOCOMPOTX>
    <SEOCOMPOTX>
     <CLSNAME>ZSAPLINK</CLSNAME>
     <CMPNAME>OBJNAME</CMPNAME>
     <LANGU>E</LANGU>
     <DESCRIPT>IF_IXML</DESCRIPT>
    </SEOCOMPOTX>
    <SEOCOMPOTX>
     <CLSNAME>ZSAPLINK</CLSNAME>
     <CMPNAME>SETATTRIBUTESFROMSTRUCTURE</CMPNAME>
     <LANGU>E</LANGU>
     <DESCRIPT>Creates an XML Attribute list from any structure</DESCRIPT>
    </SEOCOMPOTX>
    <SEOCOMPOTX>
     <CLSNAME>ZSAPLINK</CLSNAME>
     <CMPNAME>STREAMFACTORY</CMPNAME>
     <LANGU>E</LANGU>
     <DESCRIPT>IF_IXML_STREAM_FACTORY</DESCRIPT>
    </SEOCOMPOTX>
    <SEOCOMPOTX>
     <CLSNAME>ZSAPLINK</CLSNAME>
     <CMPNAME>UPLOADXML</CMPNAME>
     <LANGU>E</LANGU>
     <DESCRIPT>Upload XML</DESCRIPT>
    </SEOCOMPOTX>
    <SEOCOMPOTX>
     <CLSNAME>ZSAPLINK</CLSNAME>
     <CMPNAME>VALUEHELP</CMPNAME>
     <LANGU>E</LANGU>
     <DESCRIPT>Get Value help..default is DDIC types...over Wright for BI</DESCRIPT>
    </SEOCOMPOTX>
    <SEOCOMPOTX>
     <CLSNAME>ZSAPLINK</CLSNAME>
     <CMPNAME>XMLDATA</CMPNAME>
     <LANGU>E</LANGU>
     <DESCRIPT>IF_IXML_STREAM_FACTORY</DESCRIPT>
    </SEOCOMPOTX>
    <SEOCOMPOTX>
     <CLSNAME>ZSAPLINK</CLSNAME>
     <CMPNAME>XMLDOC</CMPNAME>
     <LANGU>E</LANGU>
     <DESCRIPT>IF_IXML_DOCUMENT</DESCRIPT>
    </SEOCOMPOTX>
   </DESCRIPTIONS>
  </asx:values>
 </asx:abap>
</abapGit>
