﻿<?xml version="1.0" encoding="utf-8"?>
<abapGit version="v1.0.0" serializer="LCL_OBJECT_PROG" serializer_version="v1.0.0">
 <asx:abap xmlns:asx="http://www.sap.com/abapxml" version="1.0">
  <asx:values>
   <PROGDIR>
    <NAME>ZSAPLINK</NAME>
    <STATE>A</STATE>
    <VARCL>X</VARCL>
    <DBAPL>S</DBAPL>
    <DBNA>D$</DBNA>
    <SUBC>1</SUBC>
    <APPL>S</APPL>
    <RLOAD>E</RLOAD>
    <FIXPT>X</FIXPT>
    <LDBNAME>D$S</LDBNAME>
    <UCCHECK>X</UCCHECK>
   </PROGDIR>
   <DYNPROS>
    <item>
     <HEADER>
      <PROGRAM>ZSAPLINK</PROGRAM>
      <SCREEN>0110</SCREEN>
      <LANGUAGE>E</LANGUAGE>
      <DESCRIPT>SEL_SCREEN 0110 INFO:170000440000000000000000000189596129405</DESCRIPT>
      <TYPE>J</TYPE>
      <NEXTSCREEN>0110</NEXTSCREEN>
      <CURSOR_POS>SEL_SCREEN 0110 INFO:170000440000000000000000000189596129405</CURSOR_POS>
      <LINES>200</LINES>
      <COLUMNS>120</COLUMNS>
      <KEEP_SCPOS>X</KEEP_SCPOS>
     </HEADER>
     <CONTAINERS>
      <RPY_DYCATT>
       <TYPE>SCREEN</TYPE>
       <NAME>SCREEN</NAME>
      </RPY_DYCATT>
      <RPY_DYCATT>
       <TYPE>RADIOGROUP</TYPE>
       <NAME>%A_IMPORT</NAME>
       <ELEMENT_OF>SCREEN</ELEMENT_OF>
       <LINE>003</LINE>
       <COLUMN>005</COLUMN>
       <LENGTH>001</LENGTH>
       <HEIGHT>002</HEIGHT>
      </RPY_DYCATT>
     </CONTAINERS>
     <FIELDS>
      <RPY_DYFATC>
       <CONT_TYPE>SCREEN</CONT_TYPE>
       <CONT_NAME>SCREEN</CONT_NAME>
       <TYPE>FRAME</TYPE>
       <NAME>%B%_F001</NAME>
       <TEXT>___________________________________________________________________________________________________________________</TEXT>
       <LINE>001</LINE>
       <COLUMN>001</COLUMN>
       <LENGTH>116</LENGTH>
       <VISLENGTH>116</VISLENGTH>
       <HEIGHT>013</HEIGHT>
       <GROUP3>BLK</GROUP3>
       <FORMAT>CHAR</FORMAT>
       <UP_LOWER>X</UP_LOWER>
       <REQU_ENTRY>N</REQU_ENTRY>
      </RPY_DYFATC>
      <RPY_DYFATC>
       <CONT_TYPE>SCREEN</CONT_TYPE>
       <CONT_NAME>SCREEN</CONT_NAME>
       <TYPE>FRAME_TMPL</TYPE>
       <NAME>%BSLK002_BLOCK_0110</NAME>
       <TEXT>_______________________________________________________________________________________________________________</TEXT>
       <LINE>002</LINE>
       <COLUMN>003</COLUMN>
       <LENGTH>112</LENGTH>
       <VISLENGTH>112</VISLENGTH>
       <HEIGHT>004</HEIGHT>
       <GROUP3>BLK</GROUP3>
       <FORMAT>CHAR</FORMAT>
       <UP_LOWER>X</UP_LOWER>
       <OUTPUT_FLD>X</OUTPUT_FLD>
       <OUTPUTONLY>X</OUTPUTONLY>
       <REQU_ENTRY>N</REQU_ENTRY>
      </RPY_DYFATC>
      <RPY_DYFATC>
       <CONT_TYPE>SCREEN</CONT_TYPE>
       <CONT_NAME>SCREEN</CONT_NAME>
       <TYPE>TEMPLATE</TYPE>
       <NAME>%_IMPORT_%_APP_%-TEXT</NAME>
       <TEXT>______________________________</TEXT>
       <LINE>003</LINE>
       <COLUMN>007</COLUMN>
       <LENGTH>030</LENGTH>
       <VISLENGTH>030</VISLENGTH>
       <HEIGHT>001</HEIGHT>
       <GROUP3>TXT</GROUP3>
       <GROUP4>003</GROUP4>
       <FORMAT>CHAR</FORMAT>
       <UP_LOWER>X</UP_LOWER>
       <OUTPUT_FLD>X</OUTPUT_FLD>
       <OUTPUTONLY>X</OUTPUTONLY>
       <REQU_ENTRY>N</REQU_ENTRY>
       <LABELRIGHT>X</LABELRIGHT>
      </RPY_DYFATC>
      <RPY_DYFATC>
       <CONT_TYPE>SCREEN</CONT_TYPE>
       <CONT_NAME>SCREEN</CONT_NAME>
       <TYPE>TEMPLATE</TYPE>
       <NAME>%_EXPORT_%_APP_%-TEXT</NAME>
       <TEXT>______________________________</TEXT>
       <LINE>004</LINE>
       <COLUMN>007</COLUMN>
       <LENGTH>030</LENGTH>
       <VISLENGTH>030</VISLENGTH>
       <HEIGHT>001</HEIGHT>
       <GROUP3>TXT</GROUP3>
       <GROUP4>004</GROUP4>
       <FORMAT>CHAR</FORMAT>
       <UP_LOWER>X</UP_LOWER>
       <OUTPUT_FLD>X</OUTPUT_FLD>
       <OUTPUTONLY>X</OUTPUTONLY>
       <REQU_ENTRY>N</REQU_ENTRY>
       <LABELRIGHT>X</LABELRIGHT>
      </RPY_DYFATC>
      <RPY_DYFATC>
       <CONT_TYPE>SCREEN</CONT_TYPE>
       <CONT_NAME>SCREEN</CONT_NAME>
       <TYPE>FRAME_TMPL</TYPE>
       <NAME>%BOPT006_BLOCK_0110</NAME>
       <TEXT>_______________________________________________________________________________________________________________</TEXT>
       <LINE>006</LINE>
       <COLUMN>003</COLUMN>
       <LENGTH>112</LENGTH>
       <VISLENGTH>112</VISLENGTH>
       <HEIGHT>007</HEIGHT>
       <GROUP3>BLK</GROUP3>
       <FORMAT>CHAR</FORMAT>
       <UP_LOWER>X</UP_LOWER>
       <OUTPUT_FLD>X</OUTPUT_FLD>
       <OUTPUTONLY>X</OUTPUTONLY>
       <REQU_ENTRY>N</REQU_ENTRY>
      </RPY_DYFATC>
      <RPY_DYFATC>
       <CONT_TYPE>SCREEN</CONT_TYPE>
       <CONT_NAME>SCREEN</CONT_NAME>
       <TYPE>TEMPLATE</TYPE>
       <NAME>%_FILENAME_%_APP_%-TEXT</NAME>
       <TEXT>______________________________</TEXT>
       <ROLLING>X</ROLLING>
       <LINE>007</LINE>
       <COLUMN>005</COLUMN>
       <LENGTH>030</LENGTH>
       <VISLENGTH>029</VISLENGTH>
       <HEIGHT>001</HEIGHT>
       <GROUP1>DID</GROUP1>
       <GROUP3>TXT</GROUP3>
       <GROUP4>007</GROUP4>
       <FORMAT>CHAR</FORMAT>
       <UP_LOWER>X</UP_LOWER>
       <OUTPUT_FLD>X</OUTPUT_FLD>
       <OUTPUTONLY>X</OUTPUTONLY>
       <REQU_ENTRY>N</REQU_ENTRY>
       <LABELLEFT>X</LABELLEFT>
      </RPY_DYFATC>
      <RPY_DYFATC>
       <CONT_TYPE>SCREEN</CONT_TYPE>
       <CONT_NAME>SCREEN</CONT_NAME>
       <TYPE>TEMPLATE</TYPE>
       <NAME>FILENAME</NAME>
       <TEXT>____________________________________________________________________________________________________________________________________</TEXT>
       <ROLLING>X</ROLLING>
       <LINE>007</LINE>
       <COLUMN>035</COLUMN>
       <LENGTH>255</LENGTH>
       <VISLENGTH>045</VISLENGTH>
       <HEIGHT>001</HEIGHT>
       <GROUP1>DID</GROUP1>
       <GROUP3>PAR</GROUP3>
       <GROUP4>007</GROUP4>
       <FORMAT>CHAR</FORMAT>
       <UP_LOWER>X</UP_LOWER>
       <INPUT_FLD>X</INPUT_FLD>
       <OUTPUT_FLD>X</OUTPUT_FLD>
       <POSS_ENTRY>1</POSS_ENTRY>
      </RPY_DYFATC>
      <RPY_DYFATC>
       <CONT_TYPE>SCREEN</CONT_TYPE>
       <CONT_NAME>SCREEN</CONT_NAME>
       <TYPE>TEMPLATE</TYPE>
       <NAME>%_SLPKG_%_APP_%-TEXT</NAME>
       <TEXT>______________________________</TEXT>
       <ROLLING>X</ROLLING>
       <LINE>008</LINE>
       <COLUMN>005</COLUMN>
       <LENGTH>030</LENGTH>
       <VISLENGTH>029</VISLENGTH>
       <HEIGHT>001</HEIGHT>
       <GROUP1>DID</GROUP1>
       <GROUP3>TXT</GROUP3>
       <GROUP4>008</GROUP4>
       <FORMAT>CHAR</FORMAT>
       <UP_LOWER>X</UP_LOWER>
       <OUTPUT_FLD>X</OUTPUT_FLD>
       <OUTPUTONLY>X</OUTPUTONLY>
       <REQU_ENTRY>N</REQU_ENTRY>
       <LABELLEFT>X</LABELLEFT>
      </RPY_DYFATC>
      <RPY_DYFATC>
       <CONT_TYPE>SCREEN</CONT_TYPE>
       <CONT_NAME>SCREEN</CONT_NAME>
       <TYPE>TEMPLATE</TYPE>
       <NAME>SLPKG</NAME>
       <TEXT>______________________________</TEXT>
       <LINE>008</LINE>
       <COLUMN>035</COLUMN>
       <LENGTH>030</LENGTH>
       <VISLENGTH>030</VISLENGTH>
       <HEIGHT>001</HEIGHT>
       <GROUP1>DID</GROUP1>
       <GROUP3>PAR</GROUP3>
       <GROUP4>008</GROUP4>
       <FORMAT>CHAR</FORMAT>
       <INPUT_FLD>X</INPUT_FLD>
       <OUTPUT_FLD>X</OUTPUT_FLD>
       <POSS_ENTRY>1</POSS_ENTRY>
      </RPY_DYFATC>
      <RPY_DYFATC>
       <CONT_TYPE>SCREEN</CONT_TYPE>
       <CONT_NAME>SCREEN</CONT_NAME>
       <TYPE>CHECK</TYPE>
       <NAME>OVERWR</NAME>
       <LINE>009</LINE>
       <COLUMN>005</COLUMN>
       <LENGTH>001</LENGTH>
       <VISLENGTH>001</VISLENGTH>
       <HEIGHT>001</HEIGHT>
       <GROUP1>DID</GROUP1>
       <GROUP3>PAR</GROUP3>
       <GROUP4>009</GROUP4>
       <FORMAT>CHAR</FORMAT>
       <INPUT_FLD>X</INPUT_FLD>
       <OUTPUT_FLD>X</OUTPUT_FLD>
      </RPY_DYFATC>
      <RPY_DYFATC>
       <CONT_TYPE>SCREEN</CONT_TYPE>
       <CONT_NAME>SCREEN</CONT_NAME>
       <TYPE>TEMPLATE</TYPE>
       <NAME>%_OVERWR_%_APP_%-TEXT</NAME>
       <TEXT>______________________________</TEXT>
       <LINE>009</LINE>
       <COLUMN>007</COLUMN>
       <LENGTH>030</LENGTH>
       <VISLENGTH>030</VISLENGTH>
       <HEIGHT>001</HEIGHT>
       <GROUP1>DID</GROUP1>
       <GROUP3>TXT</GROUP3>
       <GROUP4>009</GROUP4>
       <FORMAT>CHAR</FORMAT>
       <UP_LOWER>X</UP_LOWER>
       <OUTPUT_FLD>X</OUTPUT_FLD>
       <OUTPUTONLY>X</OUTPUTONLY>
       <REQU_ENTRY>N</REQU_ENTRY>
       <LABELRIGHT>X</LABELRIGHT>
      </RPY_DYFATC>
      <RPY_DYFATC>
       <CONT_TYPE>SCREEN</CONT_TYPE>
       <CONT_NAME>SCREEN</CONT_NAME>
       <TYPE>TEMPLATE</TYPE>
       <NAME>%_PLUGIN_%_APP_%-TEXT</NAME>
       <TEXT>______________________________</TEXT>
       <ROLLING>X</ROLLING>
       <LINE>010</LINE>
       <COLUMN>005</COLUMN>
       <LENGTH>030</LENGTH>
       <VISLENGTH>029</VISLENGTH>
       <HEIGHT>001</HEIGHT>
       <GROUP1>UID</GROUP1>
       <GROUP3>TXT</GROUP3>
       <GROUP4>010</GROUP4>
       <FORMAT>CHAR</FORMAT>
       <UP_LOWER>X</UP_LOWER>
       <OUTPUT_FLD>X</OUTPUT_FLD>
       <OUTPUTONLY>X</OUTPUTONLY>
       <REQU_ENTRY>N</REQU_ENTRY>
       <LABELLEFT>X</LABELLEFT>
      </RPY_DYFATC>
      <RPY_DYFATC>
       <CONT_TYPE>SCREEN</CONT_TYPE>
       <CONT_NAME>SCREEN</CONT_NAME>
       <TYPE>TEMPLATE</TYPE>
       <NAME>PLUGIN</NAME>
       <TEXT>____</TEXT>
       <LINE>010</LINE>
       <COLUMN>035</COLUMN>
       <LENGTH>004</LENGTH>
       <VISLENGTH>004</VISLENGTH>
       <HEIGHT>001</HEIGHT>
       <GROUP1>UID</GROUP1>
       <GROUP3>PAR</GROUP3>
       <GROUP4>010</GROUP4>
       <FORMAT>CHAR</FORMAT>
       <INPUT_FLD>X</INPUT_FLD>
       <OUTPUT_FLD>X</OUTPUT_FLD>
       <POSS_ENTRY>1</POSS_ENTRY>
      </RPY_DYFATC>
      <RPY_DYFATC>
       <CONT_TYPE>SCREEN</CONT_TYPE>
       <CONT_NAME>SCREEN</CONT_NAME>
       <TYPE>TEMPLATE</TYPE>
       <NAME>%_OBJNAME_%_APP_%-TEXT</NAME>
       <TEXT>______________________________</TEXT>
       <ROLLING>X</ROLLING>
       <LINE>011</LINE>
       <COLUMN>005</COLUMN>
       <LENGTH>030</LENGTH>
       <VISLENGTH>029</VISLENGTH>
       <HEIGHT>001</HEIGHT>
       <GROUP1>UID</GROUP1>
       <GROUP3>TXT</GROUP3>
       <GROUP4>011</GROUP4>
       <FORMAT>CHAR</FORMAT>
       <UP_LOWER>X</UP_LOWER>
       <OUTPUT_FLD>X</OUTPUT_FLD>
       <OUTPUTONLY>X</OUTPUTONLY>
       <REQU_ENTRY>N</REQU_ENTRY>
       <LABELLEFT>X</LABELLEFT>
      </RPY_DYFATC>
      <RPY_DYFATC>
       <CONT_TYPE>SCREEN</CONT_TYPE>
       <CONT_NAME>SCREEN</CONT_NAME>
       <TYPE>TEMPLATE</TYPE>
       <NAME>OBJNAME</NAME>
       <TEXT>________________________________________</TEXT>
       <LINE>011</LINE>
       <COLUMN>035</COLUMN>
       <LENGTH>040</LENGTH>
       <VISLENGTH>040</VISLENGTH>
       <HEIGHT>001</HEIGHT>
       <GROUP1>UID</GROUP1>
       <GROUP3>PAR</GROUP3>
       <GROUP4>011</GROUP4>
       <FORMAT>CHAR</FORMAT>
       <INPUT_FLD>X</INPUT_FLD>
       <OUTPUT_FLD>X</OUTPUT_FLD>
       <POSS_ENTRY>1</POSS_ENTRY>
      </RPY_DYFATC>
      <RPY_DYFATC>
       <CONT_TYPE>SCREEN</CONT_TYPE>
       <CONT_NAME>SCREEN</CONT_NAME>
       <TYPE>TEXT</TYPE>
       <NAME>%_17NNJ0000700364_%_%_%_%_%_%_</NAME>
       <TEXT>-</TEXT>
       <LINE>014</LINE>
       <COLUMN>001</COLUMN>
       <LENGTH>001</LENGTH>
       <VISLENGTH>001</VISLENGTH>
       <HEIGHT>001</HEIGHT>
       <GROUP4>SRI</GROUP4>
       <FORMAT>CHAR</FORMAT>
       <INPUT_FLD>X</INPUT_FLD>
      </RPY_DYFATC>
      <RPY_DYFATC>
       <CONT_TYPE>SCREEN</CONT_TYPE>
       <CONT_NAME>SCREEN</CONT_NAME>
       <TYPE>OKCODE</TYPE>
       <NAME>SSCRFIELDS-UCOMM</NAME>
       <TEXT>______________________________________________________________________</TEXT>
       <LENGTH>020</LENGTH>
       <VISLENGTH>070</VISLENGTH>
       <HEIGHT>001</HEIGHT>
       <FORMAT>CHAR</FORMAT>
       <FROM_DICT>X</FROM_DICT>
       <FOREIGNKEY>X</FOREIGNKEY>
       <INPUT_FLD>X</INPUT_FLD>
      </RPY_DYFATC>
      <RPY_DYFATC>
       <CONT_TYPE>RADIOGROUP</CONT_TYPE>
       <CONT_NAME>%A_IMPORT</CONT_NAME>
       <TYPE>RADIO</TYPE>
       <NAME>IMPORT</NAME>
       <LINE>003</LINE>
       <COLUMN>005</COLUMN>
       <LENGTH>001</LENGTH>
       <VISLENGTH>001</VISLENGTH>
       <HEIGHT>001</HEIGHT>
       <GROUP3>PAR</GROUP3>
       <GROUP4>003</GROUP4>
       <PUSH_FCODE>UPDOWN</PUSH_FCODE>
       <FORMAT>CHAR</FORMAT>
       <INPUT_FLD>X</INPUT_FLD>
       <OUTPUT_FLD>X</OUTPUT_FLD>
      </RPY_DYFATC>
      <RPY_DYFATC>
       <CONT_TYPE>RADIOGROUP</CONT_TYPE>
       <CONT_NAME>%A_IMPORT</CONT_NAME>
       <TYPE>RADIO</TYPE>
       <NAME>EXPORT</NAME>
       <LINE>004</LINE>
       <COLUMN>005</COLUMN>
       <LENGTH>001</LENGTH>
       <VISLENGTH>001</VISLENGTH>
       <HEIGHT>001</HEIGHT>
       <GROUP3>PAR</GROUP3>
       <GROUP4>004</GROUP4>
       <PUSH_FCODE>UPDOWN</PUSH_FCODE>
       <FORMAT>CHAR</FORMAT>
       <INPUT_FLD>X</INPUT_FLD>
       <OUTPUT_FLD>X</OUTPUT_FLD>
      </RPY_DYFATC>
     </FIELDS>
     <FLOW_LOGIC>
      <RPY_DYFLOW>
       <LINE>PROCESS BEFORE OUTPUT.</LINE>
      </RPY_DYFLOW>
      <RPY_DYFLOW/>
      <RPY_DYFLOW>
       <LINE>MODULE %_INIT_PBO_J.</LINE>
      </RPY_DYFLOW>
      <RPY_DYFLOW/>
      <RPY_DYFLOW>
       <LINE>MODULE %_PBO_REPORT.</LINE>
      </RPY_DYFLOW>
      <RPY_DYFLOW/>
      <RPY_DYFLOW>
       <LINE>MODULE %_PF_STATUS.</LINE>
      </RPY_DYFLOW>
      <RPY_DYFLOW/>
      <RPY_DYFLOW>
       <LINE>MODULE %_END_OF_PBO.</LINE>
      </RPY_DYFLOW>
      <RPY_DYFLOW/>
      <RPY_DYFLOW>
       <LINE>PROCESS AFTER INPUT.</LINE>
      </RPY_DYFLOW>
      <RPY_DYFLOW/>
      <RPY_DYFLOW>
       <LINE>MODULE %_INIT_PAI_J.</LINE>
      </RPY_DYFLOW>
      <RPY_DYFLOW/>
      <RPY_DYFLOW>
       <LINE>CHAIN.</LINE>
      </RPY_DYFLOW>
      <RPY_DYFLOW>
       <LINE>FIELD IMPORT  .</LINE>
      </RPY_DYFLOW>
      <RPY_DYFLOW>
       <LINE>FIELD EXPORT  .</LINE>
      </RPY_DYFLOW>
      <RPY_DYFLOW>
       <LINE>MODULE %_RADIOBUTTON_GROUP_2                             .</LINE>
      </RPY_DYFLOW>
      <RPY_DYFLOW>
       <LINE>ENDCHAIN.</LINE>
      </RPY_DYFLOW>
      <RPY_DYFLOW/>
      <RPY_DYFLOW/>
      <RPY_DYFLOW>
       <LINE>CHAIN.</LINE>
      </RPY_DYFLOW>
      <RPY_DYFLOW>
       <LINE>FIELD IMPORT  .</LINE>
      </RPY_DYFLOW>
      <RPY_DYFLOW>
       <LINE>FIELD EXPORT  .</LINE>
      </RPY_DYFLOW>
      <RPY_DYFLOW>
       <LINE>MODULE %_BLOCK_0110002.</LINE>
      </RPY_DYFLOW>
      <RPY_DYFLOW>
       <LINE>ENDCHAIN.</LINE>
      </RPY_DYFLOW>
      <RPY_DYFLOW/>
      <RPY_DYFLOW>
       <LINE>FIELD !FILENAME MODULE %_FILENAME .</LINE>
      </RPY_DYFLOW>
      <RPY_DYFLOW/>
      <RPY_DYFLOW>
       <LINE>FIELD !SLPKG MODULE %_SLPKG .</LINE>
      </RPY_DYFLOW>
      <RPY_DYFLOW/>
      <RPY_DYFLOW>
       <LINE>FIELD !OVERWR MODULE %_OVERWR .</LINE>
      </RPY_DYFLOW>
      <RPY_DYFLOW/>
      <RPY_DYFLOW>
       <LINE>FIELD !PLUGIN MODULE %_PLUGIN .</LINE>
      </RPY_DYFLOW>
      <RPY_DYFLOW/>
      <RPY_DYFLOW>
       <LINE>FIELD !OBJNAME MODULE %_OBJNAME .</LINE>
      </RPY_DYFLOW>
      <RPY_DYFLOW/>
      <RPY_DYFLOW/>
      <RPY_DYFLOW>
       <LINE>CHAIN.</LINE>
      </RPY_DYFLOW>
      <RPY_DYFLOW>
       <LINE>FIELD FILENAME .</LINE>
      </RPY_DYFLOW>
      <RPY_DYFLOW>
       <LINE>FIELD SLPKG .</LINE>
      </RPY_DYFLOW>
      <RPY_DYFLOW>
       <LINE>FIELD OVERWR .</LINE>
      </RPY_DYFLOW>
      <RPY_DYFLOW>
       <LINE>FIELD PLUGIN .</LINE>
      </RPY_DYFLOW>
      <RPY_DYFLOW>
       <LINE>FIELD OBJNAME .</LINE>
      </RPY_DYFLOW>
      <RPY_DYFLOW>
       <LINE>MODULE %_BLOCK_0110006.</LINE>
      </RPY_DYFLOW>
      <RPY_DYFLOW>
       <LINE>ENDCHAIN.</LINE>
      </RPY_DYFLOW>
      <RPY_DYFLOW/>
      <RPY_DYFLOW/>
      <RPY_DYFLOW>
       <LINE>CHAIN.</LINE>
      </RPY_DYFLOW>
      <RPY_DYFLOW>
       <LINE>FIELD IMPORT  .</LINE>
      </RPY_DYFLOW>
      <RPY_DYFLOW>
       <LINE>FIELD EXPORT  .</LINE>
      </RPY_DYFLOW>
      <RPY_DYFLOW>
       <LINE>FIELD FILENAME .</LINE>
      </RPY_DYFLOW>
      <RPY_DYFLOW>
       <LINE>FIELD SLPKG .</LINE>
      </RPY_DYFLOW>
      <RPY_DYFLOW>
       <LINE>FIELD OVERWR .</LINE>
      </RPY_DYFLOW>
      <RPY_DYFLOW>
       <LINE>FIELD PLUGIN .</LINE>
      </RPY_DYFLOW>
      <RPY_DYFLOW>
       <LINE>FIELD OBJNAME .</LINE>
      </RPY_DYFLOW>
      <RPY_DYFLOW>
       <LINE>MODULE %_BLOCK_0110001.</LINE>
      </RPY_DYFLOW>
      <RPY_DYFLOW>
       <LINE>ENDCHAIN.</LINE>
      </RPY_DYFLOW>
      <RPY_DYFLOW/>
      <RPY_DYFLOW>
       <LINE>CHAIN.</LINE>
      </RPY_DYFLOW>
      <RPY_DYFLOW>
       <LINE>FIELD IMPORT  .</LINE>
      </RPY_DYFLOW>
      <RPY_DYFLOW>
       <LINE>FIELD EXPORT  .</LINE>
      </RPY_DYFLOW>
      <RPY_DYFLOW>
       <LINE>FIELD FILENAME .</LINE>
      </RPY_DYFLOW>
      <RPY_DYFLOW>
       <LINE>FIELD SLPKG .</LINE>
      </RPY_DYFLOW>
      <RPY_DYFLOW>
       <LINE>FIELD OVERWR .</LINE>
      </RPY_DYFLOW>
      <RPY_DYFLOW>
       <LINE>FIELD PLUGIN .</LINE>
      </RPY_DYFLOW>
      <RPY_DYFLOW>
       <LINE>FIELD OBJNAME .</LINE>
      </RPY_DYFLOW>
      <RPY_DYFLOW>
       <LINE>MODULE %_END_OF_SCREEN.</LINE>
      </RPY_DYFLOW>
      <RPY_DYFLOW>
       <LINE>MODULE %_OK_CODE_1000.</LINE>
      </RPY_DYFLOW>
      <RPY_DYFLOW>
       <LINE>ENDCHAIN.</LINE>
      </RPY_DYFLOW>
      <RPY_DYFLOW/>
      <RPY_DYFLOW>
       <LINE>PROCESS ON VALUE-REQUEST.</LINE>
      </RPY_DYFLOW>
      <RPY_DYFLOW>
       <LINE>FIELD FILENAME MODULE %_FILENAME_VAL .</LINE>
      </RPY_DYFLOW>
      <RPY_DYFLOW>
       <LINE>FIELD PLUGIN MODULE %_PLUGIN_VAL .</LINE>
      </RPY_DYFLOW>
      <RPY_DYFLOW>
       <LINE>FIELD OBJNAME MODULE %_OBJNAME_VAL .</LINE>
      </RPY_DYFLOW>
     </FLOW_LOGIC>
     <SPACES>
      <item>0</item>
      <item>0</item>
      <item>0</item>
      <item>0</item>
      <item>0</item>
      <item>0</item>
      <item>0</item>
      <item>0</item>
      <item>0</item>
      <item>0</item>
      <item>0</item>
      <item>0</item>
      <item>2</item>
      <item>0</item>
      <item>0</item>
      <item>2</item>
      <item>2</item>
      <item>4</item>
      <item>0</item>
      <item>0</item>
      <item>0</item>
      <item>0</item>
      <item>2</item>
      <item>2</item>
      <item>4</item>
      <item>0</item>
      <item>0</item>
      <item>0</item>
      <item>0</item>
      <item>0</item>
      <item>0</item>
      <item>0</item>
      <item>0</item>
      <item>0</item>
      <item>0</item>
      <item>0</item>
      <item>0</item>
      <item>0</item>
      <item>0</item>
      <item>2</item>
      <item>2</item>
      <item>2</item>
      <item>2</item>
      <item>2</item>
      <item>4</item>
      <item>0</item>
      <item>0</item>
      <item>0</item>
      <item>0</item>
      <item>2</item>
      <item>2</item>
      <item>2</item>
      <item>2</item>
      <item>2</item>
      <item>2</item>
      <item>2</item>
      <item>4</item>
      <item>0</item>
      <item>0</item>
      <item>0</item>
      <item>2</item>
      <item>2</item>
      <item>2</item>
      <item>2</item>
      <item>2</item>
      <item>2</item>
      <item>2</item>
      <item>2</item>
      <item>2</item>
      <item>0</item>
      <item>0</item>
      <item>0</item>
      <item>2</item>
      <item>2</item>
      <item>2</item>
     </SPACES>
    </item>
    <item>
     <HEADER>
      <PROGRAM>ZSAPLINK</PROGRAM>
      <SCREEN>0120</SCREEN>
      <LANGUAGE>E</LANGUAGE>
      <DESCRIPT>SEL_SCREEN 0120 INFO:170000440000000000000000000189596129405</DESCRIPT>
      <TYPE>J</TYPE>
      <NEXTSCREEN>0120</NEXTSCREEN>
      <CURSOR_POS>SEL_SCREEN 0120 INFO:170000440000000000000000000189596129405</CURSOR_POS>
      <LINES>200</LINES>
      <COLUMNS>120</COLUMNS>
      <KEEP_SCPOS>X</KEEP_SCPOS>
     </HEADER>
     <CONTAINERS>
      <RPY_DYCATT>
       <TYPE>SCREEN</TYPE>
       <NAME>SCREEN</NAME>
      </RPY_DYCATT>
      <RPY_DYCATT>
       <TYPE>RADIOGROUP</TYPE>
       <NAME>%A_NUGI</NAME>
       <ELEMENT_OF>SCREEN</ELEMENT_OF>
       <LINE>003</LINE>
       <COLUMN>005</COLUMN>
       <LENGTH>001</LENGTH>
       <HEIGHT>007</HEIGHT>
      </RPY_DYCATT>
     </CONTAINERS>
     <FIELDS>
      <RPY_DYFATC>
       <CONT_TYPE>SCREEN</CONT_TYPE>
       <CONT_NAME>SCREEN</CONT_NAME>
       <TYPE>FRAME</TYPE>
       <NAME>%B%_F001</NAME>
       <TEXT>___________________________________________________________________________________________________________________</TEXT>
       <LINE>001</LINE>
       <COLUMN>001</COLUMN>
       <LENGTH>116</LENGTH>
       <VISLENGTH>116</VISLENGTH>
       <HEIGHT>020</HEIGHT>
       <GROUP3>BLK</GROUP3>
       <FORMAT>CHAR</FORMAT>
       <UP_LOWER>X</UP_LOWER>
       <REQU_ENTRY>N</REQU_ENTRY>
      </RPY_DYFATC>
      <RPY_DYFATC>
       <CONT_TYPE>SCREEN</CONT_TYPE>
       <CONT_NAME>SCREEN</CONT_NAME>
       <TYPE>FRAME_TMPL</TYPE>
       <NAME>%BSLK002_BLOCK_0120</NAME>
       <TEXT>_______________________________________________________________________________________________________________</TEXT>
       <LINE>002</LINE>
       <COLUMN>003</COLUMN>
       <LENGTH>112</LENGTH>
       <VISLENGTH>112</VISLENGTH>
       <HEIGHT>009</HEIGHT>
       <GROUP3>BLK</GROUP3>
       <FORMAT>CHAR</FORMAT>
       <UP_LOWER>X</UP_LOWER>
       <OUTPUT_FLD>X</OUTPUT_FLD>
       <OUTPUTONLY>X</OUTPUTONLY>
       <REQU_ENTRY>N</REQU_ENTRY>
      </RPY_DYFATC>
      <RPY_DYFATC>
       <CONT_TYPE>SCREEN</CONT_TYPE>
       <CONT_NAME>SCREEN</CONT_NAME>
       <TYPE>TEMPLATE</TYPE>
       <NAME>%_NUGI_%_APP_%-TEXT</NAME>
       <TEXT>______________________________</TEXT>
       <LINE>003</LINE>
       <COLUMN>007</COLUMN>
       <LENGTH>030</LENGTH>
       <VISLENGTH>030</VISLENGTH>
       <HEIGHT>001</HEIGHT>
       <GROUP3>TXT</GROUP3>
       <GROUP4>003</GROUP4>
       <FORMAT>CHAR</FORMAT>
       <UP_LOWER>X</UP_LOWER>
       <OUTPUT_FLD>X</OUTPUT_FLD>
       <OUTPUTONLY>X</OUTPUTONLY>
       <REQU_ENTRY>N</REQU_ENTRY>
       <LABELRIGHT>X</LABELRIGHT>
      </RPY_DYFATC>
      <RPY_DYFATC>
       <CONT_TYPE>SCREEN</CONT_TYPE>
       <CONT_NAME>SCREEN</CONT_NAME>
       <TYPE>TEMPLATE</TYPE>
       <NAME>%_NUGD_%_APP_%-TEXT</NAME>
       <TEXT>______________________________</TEXT>
       <LINE>004</LINE>
       <COLUMN>007</COLUMN>
       <LENGTH>030</LENGTH>
       <VISLENGTH>030</VISLENGTH>
       <HEIGHT>001</HEIGHT>
       <GROUP3>TXT</GROUP3>
       <GROUP4>004</GROUP4>
       <FORMAT>CHAR</FORMAT>
       <UP_LOWER>X</UP_LOWER>
       <OUTPUT_FLD>X</OUTPUT_FLD>
       <OUTPUTONLY>X</OUTPUTONLY>
       <REQU_ENTRY>N</REQU_ENTRY>
       <LABELRIGHT>X</LABELRIGHT>
      </RPY_DYFATC>
      <RPY_DYFATC>
       <CONT_TYPE>SCREEN</CONT_TYPE>
       <CONT_NAME>SCREEN</CONT_NAME>
       <TYPE>TEXT</TYPE>
       <NAME>%_U005%%</NAME>
       <TEXT>-------------------------------------------------------------------------</TEXT>
       <LINE>005</LINE>
       <COLUMN>005</COLUMN>
       <LENGTH>073</LENGTH>
       <VISLENGTH>073</VISLENGTH>
       <HEIGHT>001</HEIGHT>
       <GROUP3>ULI</GROUP3>
       <FORMAT>CHAR</FORMAT>
       <UP_LOWER>X</UP_LOWER>
       <REQU_ENTRY>N</REQU_ENTRY>
       <_--32_DIMENS>X</_--32_DIMENS>
      </RPY_DYFATC>
      <RPY_DYFATC>
       <CONT_TYPE>SCREEN</CONT_TYPE>
       <CONT_NAME>SCREEN</CONT_NAME>
       <TYPE>TEMPLATE</TYPE>
       <NAME>%_NUGC_%_APP_%-TEXT</NAME>
       <TEXT>______________________________</TEXT>
       <LINE>006</LINE>
       <COLUMN>007</COLUMN>
       <LENGTH>030</LENGTH>
       <VISLENGTH>030</VISLENGTH>
       <HEIGHT>001</HEIGHT>
       <GROUP3>TXT</GROUP3>
       <GROUP4>006</GROUP4>
       <FORMAT>CHAR</FORMAT>
       <UP_LOWER>X</UP_LOWER>
       <OUTPUT_FLD>X</OUTPUT_FLD>
       <OUTPUTONLY>X</OUTPUTONLY>
       <REQU_ENTRY>N</REQU_ENTRY>
       <LABELRIGHT>X</LABELRIGHT>
      </RPY_DYFATC>
      <RPY_DYFATC>
       <CONT_TYPE>SCREEN</CONT_TYPE>
       <CONT_NAME>SCREEN</CONT_NAME>
       <TYPE>TEMPLATE</TYPE>
       <NAME>%_NUGA_%_APP_%-TEXT</NAME>
       <TEXT>______________________________</TEXT>
       <LINE>007</LINE>
       <COLUMN>007</COLUMN>
       <LENGTH>030</LENGTH>
       <VISLENGTH>030</VISLENGTH>
       <HEIGHT>001</HEIGHT>
       <GROUP3>TXT</GROUP3>
       <GROUP4>007</GROUP4>
       <FORMAT>CHAR</FORMAT>
       <UP_LOWER>X</UP_LOWER>
       <OUTPUT_FLD>X</OUTPUT_FLD>
       <OUTPUTONLY>X</OUTPUTONLY>
       <REQU_ENTRY>N</REQU_ENTRY>
       <LABELRIGHT>X</LABELRIGHT>
      </RPY_DYFATC>
      <RPY_DYFATC>
       <CONT_TYPE>SCREEN</CONT_TYPE>
       <CONT_NAME>SCREEN</CONT_NAME>
       <TYPE>TEMPLATE</TYPE>
       <NAME>%_NUGP_%_APP_%-TEXT</NAME>
       <TEXT>______________________________</TEXT>
       <LINE>008</LINE>
       <COLUMN>007</COLUMN>
       <LENGTH>030</LENGTH>
       <VISLENGTH>030</VISLENGTH>
       <HEIGHT>001</HEIGHT>
       <GROUP3>TXT</GROUP3>
       <GROUP4>008</GROUP4>
       <FORMAT>CHAR</FORMAT>
       <UP_LOWER>X</UP_LOWER>
       <OUTPUT_FLD>X</OUTPUT_FLD>
       <OUTPUTONLY>X</OUTPUTONLY>
       <REQU_ENTRY>N</REQU_ENTRY>
       <LABELRIGHT>X</LABELRIGHT>
      </RPY_DYFATC>
      <RPY_DYFATC>
       <CONT_TYPE>SCREEN</CONT_TYPE>
       <CONT_NAME>SCREEN</CONT_NAME>
       <TYPE>TEMPLATE</TYPE>
       <NAME>%_NUGR_%_APP_%-TEXT</NAME>
       <TEXT>______________________________</TEXT>
       <LINE>009</LINE>
       <COLUMN>007</COLUMN>
       <LENGTH>030</LENGTH>
       <VISLENGTH>030</VISLENGTH>
       <HEIGHT>001</HEIGHT>
       <GROUP3>TXT</GROUP3>
       <GROUP4>009</GROUP4>
       <FORMAT>CHAR</FORMAT>
       <UP_LOWER>X</UP_LOWER>
       <OUTPUT_FLD>X</OUTPUT_FLD>
       <OUTPUTONLY>X</OUTPUTONLY>
       <REQU_ENTRY>N</REQU_ENTRY>
       <LABELRIGHT>X</LABELRIGHT>
      </RPY_DYFATC>
      <RPY_DYFATC>
       <CONT_TYPE>SCREEN</CONT_TYPE>
       <CONT_NAME>SCREEN</CONT_NAME>
       <TYPE>FRAME_TMPL</TYPE>
       <NAME>%BOPT011_BLOCK_0120</NAME>
       <TEXT>_______________________________________________________________________________________________________________</TEXT>
       <LINE>011</LINE>
       <COLUMN>003</COLUMN>
       <LENGTH>112</LENGTH>
       <VISLENGTH>112</VISLENGTH>
       <HEIGHT>009</HEIGHT>
       <GROUP3>BLK</GROUP3>
       <FORMAT>CHAR</FORMAT>
       <UP_LOWER>X</UP_LOWER>
       <OUTPUT_FLD>X</OUTPUT_FLD>
       <OUTPUTONLY>X</OUTPUTONLY>
       <REQU_ENTRY>N</REQU_ENTRY>
      </RPY_DYFATC>
      <RPY_DYFATC>
       <CONT_TYPE>SCREEN</CONT_TYPE>
       <CONT_NAME>SCREEN</CONT_NAME>
       <TYPE>TEMPLATE</TYPE>
       <NAME>%_NUGGNAM_%_APP_%-TEXT</NAME>
       <TEXT>______________________________</TEXT>
       <ROLLING>X</ROLLING>
       <LINE>012</LINE>
       <COLUMN>005</COLUMN>
       <LENGTH>030</LENGTH>
       <VISLENGTH>029</VISLENGTH>
       <HEIGHT>001</HEIGHT>
       <GROUP1>NNM</GROUP1>
       <GROUP3>TXT</GROUP3>
       <GROUP4>012</GROUP4>
       <FORMAT>CHAR</FORMAT>
       <UP_LOWER>X</UP_LOWER>
       <OUTPUT_FLD>X</OUTPUT_FLD>
       <OUTPUTONLY>X</OUTPUTONLY>
       <REQU_ENTRY>N</REQU_ENTRY>
       <LABELLEFT>X</LABELLEFT>
      </RPY_DYFATC>
      <RPY_DYFATC>
       <CONT_TYPE>SCREEN</CONT_TYPE>
       <CONT_NAME>SCREEN</CONT_NAME>
       <TYPE>TEMPLATE</TYPE>
       <NAME>NUGGNAM</NAME>
       <TEXT>____________________________________________________________________________________________________________________________________</TEXT>
       <ROLLING>X</ROLLING>
       <LINE>012</LINE>
       <COLUMN>035</COLUMN>
       <LENGTH>255</LENGTH>
       <VISLENGTH>045</VISLENGTH>
       <HEIGHT>001</HEIGHT>
       <GROUP1>NNM</GROUP1>
       <GROUP3>PAR</GROUP3>
       <GROUP4>012</GROUP4>
       <FORMAT>CHAR</FORMAT>
       <INPUT_FLD>X</INPUT_FLD>
       <OUTPUT_FLD>X</OUTPUT_FLD>
      </RPY_DYFATC>
      <RPY_DYFATC>
       <CONT_TYPE>SCREEN</CONT_TYPE>
       <CONT_NAME>SCREEN</CONT_NAME>
       <TYPE>TEMPLATE</TYPE>
       <NAME>%_NPLUGIN_%_APP_%-TEXT</NAME>
       <TEXT>______________________________</TEXT>
       <ROLLING>X</ROLLING>
       <LINE>013</LINE>
       <COLUMN>005</COLUMN>
       <LENGTH>030</LENGTH>
       <VISLENGTH>029</VISLENGTH>
       <HEIGHT>001</HEIGHT>
       <GROUP1>NPG</GROUP1>
       <GROUP3>TXT</GROUP3>
       <GROUP4>013</GROUP4>
       <FORMAT>CHAR</FORMAT>
       <UP_LOWER>X</UP_LOWER>
       <OUTPUT_FLD>X</OUTPUT_FLD>
       <OUTPUTONLY>X</OUTPUTONLY>
       <REQU_ENTRY>N</REQU_ENTRY>
       <LABELLEFT>X</LABELLEFT>
      </RPY_DYFATC>
      <RPY_DYFATC>
       <CONT_TYPE>SCREEN</CONT_TYPE>
       <CONT_NAME>SCREEN</CONT_NAME>
       <TYPE>TEMPLATE</TYPE>
       <NAME>NPLUGIN</NAME>
       <TEXT>____</TEXT>
       <LINE>013</LINE>
       <COLUMN>035</COLUMN>
       <LENGTH>004</LENGTH>
       <VISLENGTH>004</VISLENGTH>
       <HEIGHT>001</HEIGHT>
       <GROUP1>NPG</GROUP1>
       <GROUP3>PAR</GROUP3>
       <GROUP4>013</GROUP4>
       <FORMAT>CHAR</FORMAT>
       <INPUT_FLD>X</INPUT_FLD>
       <OUTPUT_FLD>X</OUTPUT_FLD>
       <POSS_ENTRY>1</POSS_ENTRY>
      </RPY_DYFATC>
      <RPY_DYFATC>
       <CONT_TYPE>SCREEN</CONT_TYPE>
       <CONT_NAME>SCREEN</CONT_NAME>
       <TYPE>TEMPLATE</TYPE>
       <NAME>%_NOBJNAM_%_APP_%-TEXT</NAME>
       <TEXT>______________________________</TEXT>
       <ROLLING>X</ROLLING>
       <LINE>014</LINE>
       <COLUMN>005</COLUMN>
       <LENGTH>030</LENGTH>
       <VISLENGTH>029</VISLENGTH>
       <HEIGHT>001</HEIGHT>
       <GROUP1>NPG</GROUP1>
       <GROUP3>TXT</GROUP3>
       <GROUP4>014</GROUP4>
       <FORMAT>CHAR</FORMAT>
       <UP_LOWER>X</UP_LOWER>
       <OUTPUT_FLD>X</OUTPUT_FLD>
       <OUTPUTONLY>X</OUTPUTONLY>
       <REQU_ENTRY>N</REQU_ENTRY>
       <LABELLEFT>X</LABELLEFT>
      </RPY_DYFATC>
      <RPY_DYFATC>
       <CONT_TYPE>SCREEN</CONT_TYPE>
       <CONT_NAME>SCREEN</CONT_NAME>
       <TYPE>TEMPLATE</TYPE>
       <NAME>NOBJNAM</NAME>
       <TEXT>________________________________________</TEXT>
       <LINE>014</LINE>
       <COLUMN>035</COLUMN>
       <LENGTH>040</LENGTH>
       <VISLENGTH>040</VISLENGTH>
       <HEIGHT>001</HEIGHT>
       <GROUP1>NPG</GROUP1>
       <GROUP3>PAR</GROUP3>
       <GROUP4>014</GROUP4>
       <FORMAT>CHAR</FORMAT>
       <INPUT_FLD>X</INPUT_FLD>
       <OUTPUT_FLD>X</OUTPUT_FLD>
       <POSS_ENTRY>1</POSS_ENTRY>
      </RPY_DYFATC>
      <RPY_DYFATC>
       <CONT_TYPE>SCREEN</CONT_TYPE>
       <CONT_NAME>SCREEN</CONT_NAME>
       <TYPE>TEMPLATE</TYPE>
       <NAME>%_PACKAGE_%_APP_%-TEXT</NAME>
       <TEXT>______________________________</TEXT>
       <ROLLING>X</ROLLING>
       <LINE>015</LINE>
       <COLUMN>005</COLUMN>
       <LENGTH>030</LENGTH>
       <VISLENGTH>029</VISLENGTH>
       <HEIGHT>001</HEIGHT>
       <GROUP1>NPC</GROUP1>
       <GROUP3>TXT</GROUP3>
       <GROUP4>015</GROUP4>
       <FORMAT>CHAR</FORMAT>
       <UP_LOWER>X</UP_LOWER>
       <OUTPUT_FLD>X</OUTPUT_FLD>
       <OUTPUTONLY>X</OUTPUTONLY>
       <REQU_ENTRY>N</REQU_ENTRY>
       <LABELLEFT>X</LABELLEFT>
      </RPY_DYFATC>
      <RPY_DYFATC>
       <CONT_TYPE>SCREEN</CONT_TYPE>
       <CONT_NAME>SCREEN</CONT_NAME>
       <TYPE>TEMPLATE</TYPE>
       <NAME>PACKAGE</NAME>
       <TEXT>______________________________</TEXT>
       <LINE>015</LINE>
       <COLUMN>035</COLUMN>
       <LENGTH>030</LENGTH>
       <VISLENGTH>030</VISLENGTH>
       <HEIGHT>001</HEIGHT>
       <GROUP1>NPC</GROUP1>
       <GROUP3>PAR</GROUP3>
       <GROUP4>015</GROUP4>
       <FORMAT>CHAR</FORMAT>
       <INPUT_FLD>X</INPUT_FLD>
       <OUTPUT_FLD>X</OUTPUT_FLD>
       <POSS_ENTRY>1</POSS_ENTRY>
      </RPY_DYFATC>
      <RPY_DYFATC>
       <CONT_TYPE>SCREEN</CONT_TYPE>
       <CONT_NAME>SCREEN</CONT_NAME>
       <TYPE>TEMPLATE</TYPE>
       <NAME>%_REQNUGG_%_APP_%-TEXT</NAME>
       <TEXT>______________________________</TEXT>
       <ROLLING>X</ROLLING>
       <LINE>016</LINE>
       <COLUMN>005</COLUMN>
       <LENGTH>030</LENGTH>
       <VISLENGTH>026</VISLENGTH>
       <HEIGHT>001</HEIGHT>
       <GROUP1>RNM</GROUP1>
       <GROUP3>TXT</GROUP3>
       <GROUP4>016</GROUP4>
       <CXT_MENON>%_SSCR_%_S_REQNUGG</CXT_MENON>
       <FORMAT>CHAR</FORMAT>
       <UP_LOWER>X</UP_LOWER>
       <OUTPUT_FLD>X</OUTPUT_FLD>
       <OUTPUTONLY>X</OUTPUTONLY>
       <REQU_ENTRY>N</REQU_ENTRY>
       <LABELLEFT>X</LABELLEFT>
      </RPY_DYFATC>
      <RPY_DYFATC>
       <CONT_TYPE>SCREEN</CONT_TYPE>
       <CONT_NAME>SCREEN</CONT_NAME>
       <TYPE>TEMPLATE</TYPE>
       <NAME>%_REQNUGG_%_APP_%-OPTI_PUSH</NAME>
       <TEXT>________________________________________</TEXT>
       <ROLLING>X</ROLLING>
       <LINE>016</LINE>
       <COLUMN>032</COLUMN>
       <LENGTH>040</LENGTH>
       <VISLENGTH>002</VISLENGTH>
       <HEIGHT>001</HEIGHT>
       <GROUP1>RNM</GROUP1>
       <GROUP3>OPU</GROUP3>
       <GROUP4>016</GROUP4>
       <CXT_MENON>%_SSCR_%_S_REQNUGG</CXT_MENON>
       <FORMAT>CHAR</FORMAT>
       <OUTPUT_FLD>X</OUTPUT_FLD>
       <REQU_ENTRY>N</REQU_ENTRY>
       <_--32_DIMENS>X</_--32_DIMENS>
      </RPY_DYFATC>
      <RPY_DYFATC>
       <CONT_TYPE>SCREEN</CONT_TYPE>
       <CONT_NAME>SCREEN</CONT_NAME>
       <TYPE>TEMPLATE</TYPE>
       <NAME>REQNUGG-LOW</NAME>
       <TEXT>____________________</TEXT>
       <ROLLING>X</ROLLING>
       <LINE>016</LINE>
       <COLUMN>035</COLUMN>
       <LENGTH>020</LENGTH>
       <VISLENGTH>018</VISLENGTH>
       <HEIGHT>001</HEIGHT>
       <GROUP1>RNM</GROUP1>
       <GROUP3>LOW</GROUP3>
       <GROUP4>016</GROUP4>
       <CXT_MENON>%_SSCR_%_S_REQNUGG</CXT_MENON>
       <FORMAT>CHAR</FORMAT>
       <INPUT_FLD>X</INPUT_FLD>
       <OUTPUT_FLD>X</OUTPUT_FLD>
       <POSS_ENTRY>1</POSS_ENTRY>
      </RPY_DYFATC>
      <RPY_DYFATC>
       <CONT_TYPE>SCREEN</CONT_TYPE>
       <CONT_NAME>SCREEN</CONT_NAME>
       <TYPE>TEMPLATE</TYPE>
       <NAME>%_NUGFILE_%_APP_%-TEXT</NAME>
       <TEXT>______________________________</TEXT>
       <ROLLING>X</ROLLING>
       <LINE>017</LINE>
       <COLUMN>005</COLUMN>
       <LENGTH>030</LENGTH>
       <VISLENGTH>029</VISLENGTH>
       <HEIGHT>001</HEIGHT>
       <GROUP1>NFL</GROUP1>
       <GROUP3>TXT</GROUP3>
       <GROUP4>017</GROUP4>
       <FORMAT>CHAR</FORMAT>
       <UP_LOWER>X</UP_LOWER>
       <OUTPUT_FLD>X</OUTPUT_FLD>
       <OUTPUTONLY>X</OUTPUTONLY>
       <REQU_ENTRY>N</REQU_ENTRY>
       <LABELLEFT>X</LABELLEFT>
      </RPY_DYFATC>
      <RPY_DYFATC>
       <CONT_TYPE>SCREEN</CONT_TYPE>
       <CONT_NAME>SCREEN</CONT_NAME>
       <TYPE>TEMPLATE</TYPE>
       <NAME>NUGFILE</NAME>
       <TEXT>____________________________________________________________________________________________________________________________________</TEXT>
       <ROLLING>X</ROLLING>
       <LINE>017</LINE>
       <COLUMN>035</COLUMN>
       <LENGTH>255</LENGTH>
       <VISLENGTH>045</VISLENGTH>
       <HEIGHT>001</HEIGHT>
       <GROUP1>NFL</GROUP1>
       <GROUP3>PAR</GROUP3>
       <GROUP4>017</GROUP4>
       <FORMAT>CHAR</FORMAT>
       <UP_LOWER>X</UP_LOWER>
       <INPUT_FLD>X</INPUT_FLD>
       <OUTPUT_FLD>X</OUTPUT_FLD>
       <POSS_ENTRY>1</POSS_ENTRY>
      </RPY_DYFATC>
      <RPY_DYFATC>
       <CONT_TYPE>SCREEN</CONT_TYPE>
       <CONT_NAME>SCREEN</CONT_NAME>
       <TYPE>CHECK</TYPE>
       <NAME>NOVRWR</NAME>
       <LINE>018</LINE>
       <COLUMN>005</COLUMN>
       <LENGTH>001</LENGTH>
       <VISLENGTH>001</VISLENGTH>
       <HEIGHT>001</HEIGHT>
       <GROUP1>NOW</GROUP1>
       <GROUP3>PAR</GROUP3>
       <GROUP4>018</GROUP4>
       <FORMAT>CHAR</FORMAT>
       <INPUT_FLD>X</INPUT_FLD>
       <OUTPUT_FLD>X</OUTPUT_FLD>
      </RPY_DYFATC>
      <RPY_DYFATC>
       <CONT_TYPE>SCREEN</CONT_TYPE>
       <CONT_NAME>SCREEN</CONT_NAME>
       <TYPE>TEMPLATE</TYPE>
       <NAME>%_NOVRWR_%_APP_%-TEXT</NAME>
       <TEXT>______________________________</TEXT>
       <LINE>018</LINE>
       <COLUMN>007</COLUMN>
       <LENGTH>030</LENGTH>
       <VISLENGTH>030</VISLENGTH>
       <HEIGHT>001</HEIGHT>
       <GROUP1>NOW</GROUP1>
       <GROUP3>TXT</GROUP3>
       <GROUP4>018</GROUP4>
       <FORMAT>CHAR</FORMAT>
       <UP_LOWER>X</UP_LOWER>
       <OUTPUT_FLD>X</OUTPUT_FLD>
       <OUTPUTONLY>X</OUTPUTONLY>
       <REQU_ENTRY>N</REQU_ENTRY>
       <LABELRIGHT>X</LABELRIGHT>
      </RPY_DYFATC>
      <RPY_DYFATC>
       <CONT_TYPE>SCREEN</CONT_TYPE>
       <CONT_NAME>SCREEN</CONT_NAME>
       <TYPE>TEXT</TYPE>
       <NAME>%_17SNJ0000700364_%_%_%_%_%_%_</NAME>
       <TEXT>-</TEXT>
       <LINE>021</LINE>
       <COLUMN>001</COLUMN>
       <LENGTH>001</LENGTH>
       <VISLENGTH>001</VISLENGTH>
       <HEIGHT>001</HEIGHT>
       <GROUP4>SRI</GROUP4>
       <FORMAT>CHAR</FORMAT>
       <INPUT_FLD>X</INPUT_FLD>
      </RPY_DYFATC>
      <RPY_DYFATC>
       <CONT_TYPE>SCREEN</CONT_TYPE>
       <CONT_NAME>SCREEN</CONT_NAME>
       <TYPE>OKCODE</TYPE>
       <NAME>SSCRFIELDS-UCOMM</NAME>
       <TEXT>______________________________________________________________________</TEXT>
       <LENGTH>020</LENGTH>
       <VISLENGTH>070</VISLENGTH>
       <HEIGHT>001</HEIGHT>
       <FORMAT>CHAR</FORMAT>
       <FROM_DICT>X</FROM_DICT>
       <FOREIGNKEY>X</FOREIGNKEY>
       <INPUT_FLD>X</INPUT_FLD>
      </RPY_DYFATC>
      <RPY_DYFATC>
       <CONT_TYPE>RADIOGROUP</CONT_TYPE>
       <CONT_NAME>%A_NUGI</CONT_NAME>
       <TYPE>RADIO</TYPE>
       <NAME>NUGI</NAME>
       <LINE>003</LINE>
       <COLUMN>005</COLUMN>
       <LENGTH>001</LENGTH>
       <VISLENGTH>001</VISLENGTH>
       <HEIGHT>001</HEIGHT>
       <GROUP3>PAR</GROUP3>
       <GROUP4>003</GROUP4>
       <PUSH_FCODE>UPDOWN</PUSH_FCODE>
       <FORMAT>CHAR</FORMAT>
       <INPUT_FLD>X</INPUT_FLD>
       <OUTPUT_FLD>X</OUTPUT_FLD>
      </RPY_DYFATC>
      <RPY_DYFATC>
       <CONT_TYPE>RADIOGROUP</CONT_TYPE>
       <CONT_NAME>%A_NUGI</CONT_NAME>
       <TYPE>RADIO</TYPE>
       <NAME>NUGD</NAME>
       <LINE>004</LINE>
       <COLUMN>005</COLUMN>
       <LENGTH>001</LENGTH>
       <VISLENGTH>001</VISLENGTH>
       <HEIGHT>001</HEIGHT>
       <GROUP3>PAR</GROUP3>
       <GROUP4>004</GROUP4>
       <PUSH_FCODE>UPDOWN</PUSH_FCODE>
       <FORMAT>CHAR</FORMAT>
       <INPUT_FLD>X</INPUT_FLD>
       <OUTPUT_FLD>X</OUTPUT_FLD>
      </RPY_DYFATC>
      <RPY_DYFATC>
       <CONT_TYPE>RADIOGROUP</CONT_TYPE>
       <CONT_NAME>%A_NUGI</CONT_NAME>
       <TYPE>RADIO</TYPE>
       <NAME>NUGC</NAME>
       <LINE>006</LINE>
       <COLUMN>005</COLUMN>
       <LENGTH>001</LENGTH>
       <VISLENGTH>001</VISLENGTH>
       <HEIGHT>001</HEIGHT>
       <GROUP3>PAR</GROUP3>
       <GROUP4>006</GROUP4>
       <PUSH_FCODE>UPDOWN</PUSH_FCODE>
       <FORMAT>CHAR</FORMAT>
       <INPUT_FLD>X</INPUT_FLD>
       <OUTPUT_FLD>X</OUTPUT_FLD>
      </RPY_DYFATC>
      <RPY_DYFATC>
       <CONT_TYPE>RADIOGROUP</CONT_TYPE>
       <CONT_NAME>%A_NUGI</CONT_NAME>
       <TYPE>RADIO</TYPE>
       <NAME>NUGA</NAME>
       <LINE>007</LINE>
       <COLUMN>005</COLUMN>
       <LENGTH>001</LENGTH>
       <VISLENGTH>001</VISLENGTH>
       <HEIGHT>001</HEIGHT>
       <GROUP3>PAR</GROUP3>
       <GROUP4>007</GROUP4>
       <PUSH_FCODE>UPDOWN</PUSH_FCODE>
       <FORMAT>CHAR</FORMAT>
       <INPUT_FLD>X</INPUT_FLD>
       <OUTPUT_FLD>X</OUTPUT_FLD>
      </RPY_DYFATC>
      <RPY_DYFATC>
       <CONT_TYPE>RADIOGROUP</CONT_TYPE>
       <CONT_NAME>%A_NUGI</CONT_NAME>
       <TYPE>RADIO</TYPE>
       <NAME>NUGP</NAME>
       <LINE>008</LINE>
       <COLUMN>005</COLUMN>
       <LENGTH>001</LENGTH>
       <VISLENGTH>001</VISLENGTH>
       <HEIGHT>001</HEIGHT>
       <GROUP3>PAR</GROUP3>
       <GROUP4>008</GROUP4>
       <PUSH_FCODE>UPDOWN</PUSH_FCODE>
       <FORMAT>CHAR</FORMAT>
       <INPUT_FLD>X</INPUT_FLD>
       <OUTPUT_FLD>X</OUTPUT_FLD>
      </RPY_DYFATC>
      <RPY_DYFATC>
       <CONT_TYPE>RADIOGROUP</CONT_TYPE>
       <CONT_NAME>%A_NUGI</CONT_NAME>
       <TYPE>RADIO</TYPE>
       <NAME>NUGR</NAME>
       <LINE>009</LINE>
       <COLUMN>005</COLUMN>
       <LENGTH>001</LENGTH>
       <VISLENGTH>001</VISLENGTH>
       <HEIGHT>001</HEIGHT>
       <GROUP3>PAR</GROUP3>
       <GROUP4>009</GROUP4>
       <PUSH_FCODE>UPDOWN</PUSH_FCODE>
       <FORMAT>CHAR</FORMAT>
       <INPUT_FLD>X</INPUT_FLD>
       <OUTPUT_FLD>X</OUTPUT_FLD>
      </RPY_DYFATC>
     </FIELDS>
     <FLOW_LOGIC>
      <RPY_DYFLOW>
       <LINE>PROCESS BEFORE OUTPUT.</LINE>
      </RPY_DYFLOW>
      <RPY_DYFLOW/>
      <RPY_DYFLOW>
       <LINE>MODULE %_INIT_PBO_J.</LINE>
      </RPY_DYFLOW>
      <RPY_DYFLOW/>
      <RPY_DYFLOW>
       <LINE>MODULE %_PBO_REPORT.</LINE>
      </RPY_DYFLOW>
      <RPY_DYFLOW/>
      <RPY_DYFLOW>
       <LINE>MODULE %_PF_STATUS.</LINE>
      </RPY_DYFLOW>
      <RPY_DYFLOW/>
      <RPY_DYFLOW>
       <LINE>MODULE %_REQNUGG.</LINE>
      </RPY_DYFLOW>
      <RPY_DYFLOW/>
      <RPY_DYFLOW>
       <LINE>MODULE %_END_OF_PBO.</LINE>
      </RPY_DYFLOW>
      <RPY_DYFLOW/>
      <RPY_DYFLOW>
       <LINE>PROCESS AFTER INPUT.</LINE>
      </RPY_DYFLOW>
      <RPY_DYFLOW/>
      <RPY_DYFLOW>
       <LINE>MODULE %_INIT_PAI_J.</LINE>
      </RPY_DYFLOW>
      <RPY_DYFLOW/>
      <RPY_DYFLOW>
       <LINE>CHAIN.</LINE>
      </RPY_DYFLOW>
      <RPY_DYFLOW>
       <LINE>FIELD NUGI    .</LINE>
      </RPY_DYFLOW>
      <RPY_DYFLOW>
       <LINE>FIELD NUGD    .</LINE>
      </RPY_DYFLOW>
      <RPY_DYFLOW>
       <LINE>FIELD NUGC    .</LINE>
      </RPY_DYFLOW>
      <RPY_DYFLOW>
       <LINE>FIELD NUGA    .</LINE>
      </RPY_DYFLOW>
      <RPY_DYFLOW>
       <LINE>FIELD NUGP    .</LINE>
      </RPY_DYFLOW>
      <RPY_DYFLOW>
       <LINE>FIELD NUGR    .</LINE>
      </RPY_DYFLOW>
      <RPY_DYFLOW>
       <LINE>MODULE %_RADIOBUTTON_GROUP_3                             .</LINE>
      </RPY_DYFLOW>
      <RPY_DYFLOW>
       <LINE>ENDCHAIN.</LINE>
      </RPY_DYFLOW>
      <RPY_DYFLOW/>
      <RPY_DYFLOW/>
      <RPY_DYFLOW>
       <LINE>CHAIN.</LINE>
      </RPY_DYFLOW>
      <RPY_DYFLOW>
       <LINE>FIELD NUGI    .</LINE>
      </RPY_DYFLOW>
      <RPY_DYFLOW>
       <LINE>FIELD NUGD    .</LINE>
      </RPY_DYFLOW>
      <RPY_DYFLOW>
       <LINE>FIELD NUGC    .</LINE>
      </RPY_DYFLOW>
      <RPY_DYFLOW>
       <LINE>FIELD NUGA    .</LINE>
      </RPY_DYFLOW>
      <RPY_DYFLOW>
       <LINE>FIELD NUGP    .</LINE>
      </RPY_DYFLOW>
      <RPY_DYFLOW>
       <LINE>FIELD NUGR    .</LINE>
      </RPY_DYFLOW>
      <RPY_DYFLOW>
       <LINE>MODULE %_BLOCK_0120002.</LINE>
      </RPY_DYFLOW>
      <RPY_DYFLOW>
       <LINE>ENDCHAIN.</LINE>
      </RPY_DYFLOW>
      <RPY_DYFLOW/>
      <RPY_DYFLOW>
       <LINE>FIELD !NUGGNAM MODULE %_NUGGNAM .</LINE>
      </RPY_DYFLOW>
      <RPY_DYFLOW/>
      <RPY_DYFLOW>
       <LINE>FIELD !NPLUGIN MODULE %_NPLUGIN .</LINE>
      </RPY_DYFLOW>
      <RPY_DYFLOW/>
      <RPY_DYFLOW>
       <LINE>FIELD !NOBJNAM MODULE %_NOBJNAM .</LINE>
      </RPY_DYFLOW>
      <RPY_DYFLOW/>
      <RPY_DYFLOW>
       <LINE>FIELD !PACKAGE MODULE %_PACKAGE .</LINE>
      </RPY_DYFLOW>
      <RPY_DYFLOW/>
      <RPY_DYFLOW>
       <LINE>CHAIN.</LINE>
      </RPY_DYFLOW>
      <RPY_DYFLOW>
       <LINE>FIELD  REQNUGG-LOW.</LINE>
      </RPY_DYFLOW>
      <RPY_DYFLOW>
       <LINE>MODULE %_REQNUGG.</LINE>
      </RPY_DYFLOW>
      <RPY_DYFLOW>
       <LINE>ENDCHAIN.</LINE>
      </RPY_DYFLOW>
      <RPY_DYFLOW/>
      <RPY_DYFLOW>
       <LINE>FIELD !NUGFILE MODULE %_NUGFILE .</LINE>
      </RPY_DYFLOW>
      <RPY_DYFLOW/>
      <RPY_DYFLOW>
       <LINE>FIELD !NOVRWR MODULE %_NOVRWR .</LINE>
      </RPY_DYFLOW>
      <RPY_DYFLOW/>
      <RPY_DYFLOW/>
      <RPY_DYFLOW>
       <LINE>CHAIN.</LINE>
      </RPY_DYFLOW>
      <RPY_DYFLOW>
       <LINE>FIELD NUGGNAM .</LINE>
      </RPY_DYFLOW>
      <RPY_DYFLOW>
       <LINE>FIELD NPLUGIN .</LINE>
      </RPY_DYFLOW>
      <RPY_DYFLOW>
       <LINE>FIELD NOBJNAM .</LINE>
      </RPY_DYFLOW>
      <RPY_DYFLOW>
       <LINE>FIELD PACKAGE .</LINE>
      </RPY_DYFLOW>
      <RPY_DYFLOW>
       <LINE>FIELD  REQNUGG-LOW.</LINE>
      </RPY_DYFLOW>
      <RPY_DYFLOW>
       <LINE>FIELD NUGFILE .</LINE>
      </RPY_DYFLOW>
      <RPY_DYFLOW>
       <LINE>FIELD NOVRWR .</LINE>
      </RPY_DYFLOW>
      <RPY_DYFLOW>
       <LINE>MODULE %_BLOCK_0120011.</LINE>
      </RPY_DYFLOW>
      <RPY_DYFLOW>
       <LINE>ENDCHAIN.</LINE>
      </RPY_DYFLOW>
      <RPY_DYFLOW/>
      <RPY_DYFLOW/>
      <RPY_DYFLOW>
       <LINE>CHAIN.</LINE>
      </RPY_DYFLOW>
      <RPY_DYFLOW>
       <LINE>FIELD NUGI    .</LINE>
      </RPY_DYFLOW>
      <RPY_DYFLOW>
       <LINE>FIELD NUGD    .</LINE>
      </RPY_DYFLOW>
      <RPY_DYFLOW>
       <LINE>FIELD NUGC    .</LINE>
      </RPY_DYFLOW>
      <RPY_DYFLOW>
       <LINE>FIELD NUGA    .</LINE>
      </RPY_DYFLOW>
      <RPY_DYFLOW>
       <LINE>FIELD NUGP    .</LINE>
      </RPY_DYFLOW>
      <RPY_DYFLOW>
       <LINE>FIELD NUGR    .</LINE>
      </RPY_DYFLOW>
      <RPY_DYFLOW>
       <LINE>FIELD NUGGNAM .</LINE>
      </RPY_DYFLOW>
      <RPY_DYFLOW>
       <LINE>FIELD NPLUGIN .</LINE>
      </RPY_DYFLOW>
      <RPY_DYFLOW>
       <LINE>FIELD NOBJNAM .</LINE>
      </RPY_DYFLOW>
      <RPY_DYFLOW>
       <LINE>FIELD PACKAGE .</LINE>
      </RPY_DYFLOW>
      <RPY_DYFLOW>
       <LINE>FIELD  REQNUGG-LOW.</LINE>
      </RPY_DYFLOW>
      <RPY_DYFLOW>
       <LINE>FIELD NUGFILE .</LINE>
      </RPY_DYFLOW>
      <RPY_DYFLOW>
       <LINE>FIELD NOVRWR .</LINE>
      </RPY_DYFLOW>
      <RPY_DYFLOW>
       <LINE>MODULE %_BLOCK_0120001.</LINE>
      </RPY_DYFLOW>
      <RPY_DYFLOW>
       <LINE>ENDCHAIN.</LINE>
      </RPY_DYFLOW>
      <RPY_DYFLOW/>
      <RPY_DYFLOW>
       <LINE>CHAIN.</LINE>
      </RPY_DYFLOW>
      <RPY_DYFLOW>
       <LINE>FIELD NUGI    .</LINE>
      </RPY_DYFLOW>
      <RPY_DYFLOW>
       <LINE>FIELD NUGD    .</LINE>
      </RPY_DYFLOW>
      <RPY_DYFLOW>
       <LINE>FIELD NUGC    .</LINE>
      </RPY_DYFLOW>
      <RPY_DYFLOW>
       <LINE>FIELD NUGA    .</LINE>
      </RPY_DYFLOW>
      <RPY_DYFLOW>
       <LINE>FIELD NUGP    .</LINE>
      </RPY_DYFLOW>
      <RPY_DYFLOW>
       <LINE>FIELD NUGR    .</LINE>
      </RPY_DYFLOW>
      <RPY_DYFLOW>
       <LINE>FIELD NUGGNAM .</LINE>
      </RPY_DYFLOW>
      <RPY_DYFLOW>
       <LINE>FIELD NPLUGIN .</LINE>
      </RPY_DYFLOW>
      <RPY_DYFLOW>
       <LINE>FIELD NOBJNAM .</LINE>
      </RPY_DYFLOW>
      <RPY_DYFLOW>
       <LINE>FIELD PACKAGE .</LINE>
      </RPY_DYFLOW>
      <RPY_DYFLOW>
       <LINE>FIELD  REQNUGG-LOW.</LINE>
      </RPY_DYFLOW>
      <RPY_DYFLOW>
       <LINE>FIELD NUGFILE .</LINE>
      </RPY_DYFLOW>
      <RPY_DYFLOW>
       <LINE>FIELD NOVRWR .</LINE>
      </RPY_DYFLOW>
      <RPY_DYFLOW>
       <LINE>MODULE %_END_OF_SCREEN.</LINE>
      </RPY_DYFLOW>
      <RPY_DYFLOW>
       <LINE>MODULE %_OK_CODE_1000.</LINE>
      </RPY_DYFLOW>
      <RPY_DYFLOW>
       <LINE>ENDCHAIN.</LINE>
      </RPY_DYFLOW>
      <RPY_DYFLOW/>
      <RPY_DYFLOW>
       <LINE>PROCESS ON VALUE-REQUEST.</LINE>
      </RPY_DYFLOW>
      <RPY_DYFLOW>
       <LINE>FIELD NPLUGIN MODULE %_NPLUGIN_VAL .</LINE>
      </RPY_DYFLOW>
      <RPY_DYFLOW>
       <LINE>FIELD NOBJNAM MODULE %_NOBJNAM_VAL .</LINE>
      </RPY_DYFLOW>
      <RPY_DYFLOW>
       <LINE>FIELD REQNUGG-LOW MODULE %_REQNUGG-LOW_VAL .</LINE>
      </RPY_DYFLOW>
      <RPY_DYFLOW>
       <LINE>FIELD NUGFILE MODULE %_NUGFILE_VAL .</LINE>
      </RPY_DYFLOW>
     </FLOW_LOGIC>
     <SPACES>
      <item>0</item>
      <item>0</item>
      <item>0</item>
      <item>0</item>
      <item>0</item>
      <item>0</item>
      <item>0</item>
      <item>0</item>
      <item>0</item>
      <item>0</item>
      <item>0</item>
      <item>0</item>
      <item>0</item>
      <item>0</item>
      <item>2</item>
      <item>0</item>
      <item>0</item>
      <item>2</item>
      <item>2</item>
      <item>2</item>
      <item>2</item>
      <item>2</item>
      <item>2</item>
      <item>4</item>
      <item>0</item>
      <item>0</item>
      <item>0</item>
      <item>0</item>
      <item>2</item>
      <item>2</item>
      <item>2</item>
      <item>2</item>
      <item>2</item>
      <item>2</item>
      <item>4</item>
      <item>0</item>
      <item>0</item>
      <item>0</item>
      <item>0</item>
      <item>0</item>
      <item>0</item>
      <item>0</item>
      <item>0</item>
      <item>0</item>
      <item>0</item>
      <item>0</item>
      <item>2</item>
      <item>2</item>
      <item>0</item>
      <item>0</item>
      <item>0</item>
      <item>0</item>
      <item>0</item>
      <item>0</item>
      <item>0</item>
      <item>0</item>
      <item>2</item>
      <item>2</item>
      <item>2</item>
      <item>2</item>
      <item>2</item>
      <item>2</item>
      <item>2</item>
      <item>4</item>
      <item>0</item>
      <item>0</item>
      <item>0</item>
      <item>0</item>
      <item>2</item>
      <item>2</item>
      <item>2</item>
      <item>2</item>
      <item>2</item>
      <item>2</item>
      <item>2</item>
      <item>2</item>
      <item>2</item>
      <item>2</item>
      <item>2</item>
      <item>2</item>
      <item>2</item>
      <item>4</item>
      <item>0</item>
      <item>0</item>
      <item>0</item>
      <item>2</item>
      <item>2</item>
      <item>2</item>
      <item>2</item>
      <item>2</item>
      <item>2</item>
      <item>2</item>
      <item>2</item>
      <item>2</item>
      <item>2</item>
      <item>2</item>
      <item>2</item>
      <item>2</item>
      <item>2</item>
      <item>2</item>
      <item>0</item>
      <item>0</item>
      <item>0</item>
      <item>2</item>
      <item>2</item>
      <item>2</item>
      <item>2</item>
     </SPACES>
    </item>
   </DYNPROS>
   <CUA>
    <ADM>
     <ACTCODE>1</ACTCODE>
    </ADM>
    <STA>
     <RSMPE_STAT>
      <CODE>SELOBJ</CODE>
      <MODAL>D</MODAL>
      <ACTCODE>000001</ACTCODE>
      <PFKCODE>000001</PFKCODE>
      <BUTCODE>0001</BUTCODE>
      <INT_NOTE>Standard für allgemeine Listausgabe</INT_NOTE>
     </RSMPE_STAT>
    </STA>
    <FUN>
     <RSMPE_FUNT>
      <CODE>%PC</CODE>
      <TEXTNO>001</TEXTNO>
      <TEXT_TYPE>S</TEXT_TYPE>
      <TEXT_NAME>ICON_EXPORT</TEXT_NAME>
      <ICON_ID>@49@</ICON_ID>
      <FUN_TEXT>Download</FUN_TEXT>
      <PATH>D</PATH>
     </RSMPE_FUNT>
     <RSMPE_FUNT>
      <CODE>%SC</CODE>
      <TEXTNO>001</TEXTNO>
      <TEXT_TYPE>S</TEXT_TYPE>
      <TEXT_NAME>ICON_SEARCH</TEXT_NAME>
      <ICON_ID>@13@</ICON_ID>
      <FUN_TEXT>Search</FUN_TEXT>
      <PATH>S</PATH>
     </RSMPE_FUNT>
     <RSMPE_FUNT>
      <CODE>%SC+</CODE>
      <TEXTNO>001</TEXTNO>
      <TEXT_TYPE>S</TEXT_TYPE>
      <TEXT_NAME>ICON_SEARCH_NEXT</TEXT_NAME>
      <ICON_ID>@4E@</ICON_ID>
      <FUN_TEXT>Weiter suchen</FUN_TEXT>
      <PATH>E</PATH>
     </RSMPE_FUNT>
     <RSMPE_FUNT>
      <CODE>%SL</CODE>
      <TEXTNO>001</TEXTNO>
      <TEXT_TYPE>S</TEXT_TYPE>
      <TEXT_NAME>ICON_MAIL</TEXT_NAME>
      <ICON_ID>@1S@</ICON_ID>
      <FUN_TEXT>Send...</FUN_TEXT>
      <PATH>S</PATH>
     </RSMPE_FUNT>
     <RSMPE_FUNT>
      <CODE>&amp;ABC</CODE>
      <TEXTNO>001</TEXTNO>
      <TEXT_TYPE>S</TEXT_TYPE>
      <TEXT_NAME>ICON_CALCULATION</TEXT_NAME>
      <ICON_ID>@0M@</ICON_ID>
      <FUN_TEXT>ABC-Analyse</FUN_TEXT>
      <ICON_TEXT>ABC</ICON_TEXT>
      <PATH>A</PATH>
     </RSMPE_FUNT>
     <RSMPE_FUNT>
      <CODE>&amp;ALL</CODE>
      <TEXTNO>001</TEXTNO>
      <TEXT_TYPE>S</TEXT_TYPE>
      <TEXT_NAME>ICON_SELECT_ALL</TEXT_NAME>
      <ICON_ID>@4B@</ICON_ID>
      <FUN_TEXT>Select All</FUN_TEXT>
      <PATH>A</PATH>
     </RSMPE_FUNT>
     <RSMPE_FUNT>
      <CODE>&amp;AQW</CODE>
      <TEXTNO>001</TEXTNO>
      <TEXT_TYPE>S</TEXT_TYPE>
      <TEXT_NAME>ICON_CHANGE_TEXT</TEXT_NAME>
      <ICON_ID>@0Q@</ICON_ID>
      <FUN_TEXT>Word</FUN_TEXT>
      <PATH>W</PATH>
     </RSMPE_FUNT>
     <RSMPE_FUNT>
      <CODE>&amp;AUF</CODE>
      <TEXTNO>001</TEXTNO>
      <TEXT_TYPE>S</TEXT_TYPE>
      <FUN_TEXT>AufriÃÆÃÅ¸ festlegen...</FUN_TEXT>
      <PATH>U</PATH>
     </RSMPE_FUNT>
     <RSMPE_FUNT>
      <CODE>&amp;AVE</CODE>
      <TEXTNO>001</TEXTNO>
      <TEXT_TYPE>S</TEXT_TYPE>
      <FUN_TEXT>Sichern...</FUN_TEXT>
      <PATH>S</PATH>
     </RSMPE_FUNT>
     <RSMPE_FUNT>
      <CODE>&amp;AVE</CODE>
      <TEXTNO>002</TEXTNO>
      <TEXT_TYPE>S</TEXT_TYPE>
      <TEXT_NAME>ICON_VARIANTS</TEXT_NAME>
      <ICON_ID>@0R@</ICON_ID>
      <FUN_TEXT>Save Variants</FUN_TEXT>
      <ICON_TEXT>Save</ICON_TEXT>
     </RSMPE_FUNT>
     <RSMPE_FUNT>
      <CODE>&amp;BS</CODE>
      <TEXTNO>001</TEXTNO>
      <TEXT_TYPE>S</TEXT_TYPE>
      <TEXT_NAME>ICON_OVERVIEW</TEXT_NAME>
      <ICON_ID>@3Q@</ICON_ID>
      <FUN_TEXT>J</FUN_TEXT>
     </RSMPE_FUNT>
     <RSMPE_FUNT>
      <CODE>&amp;BS+</CODE>
      <TEXTNO>001</TEXTNO>
      <TEXT_TYPE>S</TEXT_TYPE>
      <TEXT_NAME>ICON_PREVIOUS_VALUE</TEXT_NAME>
      <ICON_ID>@0H@</ICON_ID>
      <FUN_TEXT>Next</FUN_TEXT>
     </RSMPE_FUNT>
     <RSMPE_FUNT>
      <CODE>&amp;BS-</CODE>
      <TEXTNO>001</TEXTNO>
      <TEXT_TYPE>S</TEXT_TYPE>
      <TEXT_NAME>ICON_NEXT_VALUE</TEXT_NAME>
      <ICON_ID>@0I@</ICON_ID>
      <FUN_TEXT>Previous</FUN_TEXT>
     </RSMPE_FUNT>
     <RSMPE_FUNT>
      <CODE>&amp;CDF</CODE>
      <TEXTNO>001</TEXTNO>
      <TEXT_TYPE>S</TEXT_TYPE>
      <FUN_TEXT>Fixierung aufheben</FUN_TEXT>
      <PATH>I</PATH>
     </RSMPE_FUNT>
     <RSMPE_FUNT>
      <CODE>&amp;CFI</CODE>
      <TEXTNO>001</TEXTNO>
      <TEXT_TYPE>S</TEXT_TYPE>
      <FUN_TEXT>Fixieren bis Spalte</FUN_TEXT>
      <PATH>F</PATH>
     </RSMPE_FUNT>
     <RSMPE_FUNT>
      <CODE>&amp;CRB</CODE>
      <TEXTNO>001</TEXTNO>
      <TEXT_TYPE>S</TEXT_TYPE>
      <TEXT_NAME>ICON_TOTAL_LEFT</TEXT_NAME>
      <ICON_ID>@0B@</ICON_ID>
      <FUN_TEXT>First Position</FUN_TEXT>
     </RSMPE_FUNT>
     <RSMPE_FUNT>
      <CODE>&amp;CRE</CODE>
      <TEXTNO>001</TEXTNO>
      <TEXT_TYPE>S</TEXT_TYPE>
      <TEXT_NAME>ICON_TOTAL_RIGHT</TEXT_NAME>
      <ICON_ID>@0C@</ICON_ID>
      <FUN_TEXT>Last Postion</FUN_TEXT>
     </RSMPE_FUNT>
     <RSMPE_FUNT>
      <CODE>&amp;CRL</CODE>
      <TEXTNO>001</TEXTNO>
      <TEXT_TYPE>S</TEXT_TYPE>
      <TEXT_NAME>ICON_COLUMN_LEFT</TEXT_NAME>
      <ICON_ID>@0D@</ICON_ID>
      <FUN_TEXT>Left</FUN_TEXT>
     </RSMPE_FUNT>
     <RSMPE_FUNT>
      <CODE>&amp;CRR</CODE>
      <TEXTNO>001</TEXTNO>
      <TEXT_TYPE>S</TEXT_TYPE>
      <TEXT_NAME>ICON_COLUMN_RIGHT</TEXT_NAME>
      <ICON_ID>@0E@</ICON_ID>
      <FUN_TEXT>Right</FUN_TEXT>
     </RSMPE_FUNT>
     <RSMPE_FUNT>
      <CODE>&amp;EB3</CODE>
      <TEXTNO>001</TEXTNO>
      <TEXT_TYPE>S</TEXT_TYPE>
      <TEXT_NAME>ICON_TABLE_SETTINGS</TEXT_NAME>
      <ICON_ID>@36@</ICON_ID>
      <FUN_TEXT>Weitere Berichte</FUN_TEXT>
     </RSMPE_FUNT>
     <RSMPE_FUNT>
      <CODE>&amp;ELP</CODE>
      <TEXTNO>001</TEXTNO>
      <TEXT_TYPE>S</TEXT_TYPE>
      <TEXT_NAME>ICON_SYSTEM_HELP</TEXT_NAME>
      <ICON_ID>@35@</ICON_ID>
      <FUN_TEXT>Hilfe</FUN_TEXT>
     </RSMPE_FUNT>
     <RSMPE_FUNT>
      <CODE>&amp;ERW</CODE>
      <TEXTNO>001</TEXTNO>
      <TEXT_TYPE>S</TEXT_TYPE>
      <FUN_TEXT>Verwaltung...</FUN_TEXT>
      <PATH>V</PATH>
     </RSMPE_FUNT>
     <RSMPE_FUNT>
      <CODE>&amp;ETA</CODE>
      <TEXTNO>001</TEXTNO>
      <TEXT_TYPE>S</TEXT_TYPE>
      <TEXT_NAME>ICON_SELECT_DETAIL</TEXT_NAME>
      <ICON_ID>@16@</ICON_ID>
      <FUN_TEXT>Details</FUN_TEXT>
     </RSMPE_FUNT>
     <RSMPE_FUNT>
      <CODE>&amp;F03</CODE>
      <TEXTNO>001</TEXTNO>
      <TEXT_TYPE>S</TEXT_TYPE>
      <FUN_TEXT>Back</FUN_TEXT>
      <PATH>B</PATH>
     </RSMPE_FUNT>
     <RSMPE_FUNT>
      <CODE>&amp;F12</CODE>
      <TEXTNO>001</TEXTNO>
      <TEXT_TYPE>S</TEXT_TYPE>
      <TEXT_NAME>ICON_CANCEL</TEXT_NAME>
      <ICON_ID>@0W@</ICON_ID>
      <FUN_TEXT>Exit</FUN_TEXT>
      <PATH>X</PATH>
     </RSMPE_FUNT>
     <RSMPE_FUNT>
      <CODE>&amp;F15</CODE>
      <TEXTNO>001</TEXTNO>
      <TEXT_TYPE>S</TEXT_TYPE>
      <FUN_TEXT>Cancel</FUN_TEXT>
      <PATH>A</PATH>
     </RSMPE_FUNT>
     <RSMPE_FUNT>
      <CODE>&amp;ILD</CODE>
      <TEXTNO>001</TEXTNO>
      <TEXT_TYPE>S</TEXT_TYPE>
      <FUN_TEXT>Remove Filter</FUN_TEXT>
      <PATH>L</PATH>
     </RSMPE_FUNT>
     <RSMPE_FUNT>
      <CODE>&amp;ILT</CODE>
      <TEXTNO>001</TEXTNO>
      <TEXT_TYPE>S</TEXT_TYPE>
      <TEXT_NAME>ICON_FILTER</TEXT_NAME>
      <ICON_ID>@4G@</ICON_ID>
      <FUN_TEXT>Filter</FUN_TEXT>
      <PATH>F</PATH>
     </RSMPE_FUNT>
     <RSMPE_FUNT>
      <CODE>&amp;KOM</CODE>
      <TEXTNO>001</TEXTNO>
      <TEXT_TYPE>S</TEXT_TYPE>
      <TEXT_NAME>ICON_COLLAPSE</TEXT_NAME>
      <ICON_ID>@3T@</ICON_ID>
      <FUN_TEXT>AuswÃÆÃÂ¤hlen...</FUN_TEXT>
      <PATH>A</PATH>
     </RSMPE_FUNT>
     <RSMPE_FUNT>
      <CODE>&amp;LFO</CODE>
      <TEXTNO>001</TEXTNO>
      <TEXT_TYPE>S</TEXT_TYPE>
      <FUN_TEXT>Listenstatus...</FUN_TEXT>
      <PATH>L</PATH>
     </RSMPE_FUNT>
     <RSMPE_FUNT>
      <CODE>&amp;LFO</CODE>
      <TEXTNO>002</TEXTNO>
      <TEXT_TYPE>S</TEXT_TYPE>
      <TEXT_NAME>ICON_INFORMATION</TEXT_NAME>
      <ICON_ID>@0S@</ICON_ID>
      <FUN_TEXT>List Status</FUN_TEXT>
     </RSMPE_FUNT>
     <RSMPE_FUNT>
      <CODE>&amp;LIS</CODE>
      <TEXTNO>001</TEXTNO>
      <TEXT_TYPE>S</TEXT_TYPE>
      <FUN_TEXT>Grundliste</FUN_TEXT>
      <PATH>G</PATH>
     </RSMPE_FUNT>
     <RSMPE_FUNT>
      <CODE>&amp;NFO</CODE>
      <TEXTNO>001</TEXTNO>
      <TEXT_TYPE>S</TEXT_TYPE>
      <TEXT_NAME>ICON_INFORMATION</TEXT_NAME>
      <ICON_ID>@0S@</ICON_ID>
      <FUN_TEXT>Information</FUN_TEXT>
      <ICON_TEXT>Selektionen</ICON_TEXT>
      <PATH>I</PATH>
     </RSMPE_FUNT>
     <RSMPE_FUNT>
      <CODE>&amp;NTE</CODE>
      <TEXTNO>001</TEXTNO>
      <TEXT_TYPE>S</TEXT_TYPE>
      <FUN_TEXT>Auffrischen</FUN_TEXT>
     </RSMPE_FUNT>
     <RSMPE_FUNT>
      <CODE>&amp;OAD</CODE>
      <TEXTNO>001</TEXTNO>
      <TEXT_TYPE>S</TEXT_TYPE>
      <FUN_TEXT>AuswÃÆÃÂ¤hlen...</FUN_TEXT>
      <PATH>U</PATH>
     </RSMPE_FUNT>
     <RSMPE_FUNT>
      <CODE>&amp;OAD</CODE>
      <TEXTNO>002</TEXTNO>
      <TEXT_TYPE>S</TEXT_TYPE>
      <TEXT_NAME>ICON_VARIANTS</TEXT_NAME>
      <ICON_ID>@0R@</ICON_ID>
      <FUN_TEXT>Search Variants</FUN_TEXT>
      <ICON_TEXT>Search</ICON_TEXT>
     </RSMPE_FUNT>
     <RSMPE_FUNT>
      <CODE>&amp;ODN</CODE>
      <TEXTNO>001</TEXTNO>
      <TEXT_TYPE>S</TEXT_TYPE>
      <TEXT_NAME>ICON_SORT_DOWN</TEXT_NAME>
      <ICON_ID>@3F@</ICON_ID>
      <FUN_TEXT>Sort Descending</FUN_TEXT>
      <PATH>O</PATH>
     </RSMPE_FUNT>
     <RSMPE_FUNT>
      <CODE>&amp;OL0</CODE>
      <TEXTNO>001</TEXTNO>
      <TEXT_TYPE>S</TEXT_TYPE>
      <TEXT_NAME>ICON_VARIANTS</TEXT_NAME>
      <ICON_ID>@0R@</ICON_ID>
      <FUN_TEXT>Variant</FUN_TEXT>
     </RSMPE_FUNT>
     <RSMPE_FUNT>
      <CODE>&amp;OLX</CODE>
      <TEXTNO>001</TEXTNO>
      <TEXT_TYPE>S</TEXT_TYPE>
      <TEXT_NAME>ICON_VARIANTS</TEXT_NAME>
      <ICON_ID>@0R@</ICON_ID>
      <FUN_TEXT>Aktuelle...</FUN_TEXT>
      <PATH>K</PATH>
     </RSMPE_FUNT>
     <RSMPE_FUNT>
      <CODE>&amp;OMP</CODE>
      <TEXTNO>001</TEXTNO>
      <TEXT_TYPE>S</TEXT_TYPE>
      <TEXT_NAME>ICON_COLLAPSE</TEXT_NAME>
      <ICON_ID>@3T@</ICON_ID>
      <FUN_TEXT>Collapse</FUN_TEXT>
     </RSMPE_FUNT>
     <RSMPE_FUNT>
      <CODE>&amp;OPT</CODE>
      <TEXTNO>001</TEXTNO>
      <TEXT_TYPE>S</TEXT_TYPE>
      <FUN_TEXT>Breite optimieren</FUN_TEXT>
      <PATH>P</PATH>
     </RSMPE_FUNT>
     <RSMPE_FUNT>
      <CODE>&amp;OUP</CODE>
      <TEXTNO>001</TEXTNO>
      <TEXT_TYPE>S</TEXT_TYPE>
      <TEXT_NAME>ICON_SORT_UP</TEXT_NAME>
      <ICON_ID>@3E@</ICON_ID>
      <FUN_TEXT>Sort Asscending</FUN_TEXT>
      <PATH>I</PATH>
     </RSMPE_FUNT>
     <RSMPE_FUNT>
      <CODE>&amp;RNT</CODE>
      <TEXTNO>001</TEXTNO>
      <TEXT_TYPE>S</TEXT_TYPE>
      <TEXT_NAME>ICON_PRINT</TEXT_NAME>
      <ICON_ID>@0X@</ICON_ID>
      <FUN_TEXT>Print</FUN_TEXT>
      <PATH>P</PATH>
     </RSMPE_FUNT>
     <RSMPE_FUNT>
      <CODE>&amp;SAL</CODE>
      <TEXTNO>001</TEXTNO>
      <TEXT_TYPE>S</TEXT_TYPE>
      <TEXT_NAME>ICON_DESELECT_ALL</TEXT_NAME>
      <ICON_ID>@4D@</ICON_ID>
      <FUN_TEXT>Unselect All</FUN_TEXT>
      <PATH>N</PATH>
     </RSMPE_FUNT>
     <RSMPE_FUNT>
      <CODE>&amp;SUM</CODE>
      <TEXTNO>001</TEXTNO>
      <TEXT_TYPE>S</TEXT_TYPE>
      <TEXT_NAME>ICON_INTERMEDIATE_SUM</TEXT_NAME>
      <ICON_ID>@5V@</ICON_ID>
      <FUN_TEXT>SubTotal</FUN_TEXT>
      <PATH>U</PATH>
     </RSMPE_FUNT>
     <RSMPE_FUNT>
      <CODE>&amp;UMC</CODE>
      <TEXTNO>001</TEXTNO>
      <TEXT_TYPE>S</TEXT_TYPE>
      <TEXT_NAME>ICON_SUM</TEXT_NAME>
      <ICON_ID>@3Z@</ICON_ID>
      <FUN_TEXT>Summary</FUN_TEXT>
      <PATH>R</PATH>
     </RSMPE_FUNT>
     <RSMPE_FUNT>
      <CODE>&amp;XPA</CODE>
      <TEXTNO>001</TEXTNO>
      <TEXT_TYPE>S</TEXT_TYPE>
      <TEXT_NAME>ICON_EXPAND</TEXT_NAME>
      <ICON_ID>@3S@</ICON_ID>
      <FUN_TEXT>Expand</FUN_TEXT>
     </RSMPE_FUNT>
     <RSMPE_FUNT>
      <CODE>&amp;XXL</CODE>
      <TEXTNO>001</TEXTNO>
      <TEXT_TYPE>S</TEXT_TYPE>
      <TEXT_NAME>ICON_XXL</TEXT_NAME>
      <ICON_ID>@DJ@</ICON_ID>
      <FUN_TEXT>Excel</FUN_TEXT>
      <PATH>X</PATH>
     </RSMPE_FUNT>
     <RSMPE_FUNT>
      <CODE>AEND</CODE>
      <TEXTNO>001</TEXTNO>
      <TEXT_TYPE>S</TEXT_TYPE>
      <FUN_TEXT>Change Record</FUN_TEXT>
      <PATH>C</PATH>
     </RSMPE_FUNT>
     <RSMPE_FUNT>
      <CODE>MARA</CODE>
      <TEXTNO>001</TEXTNO>
      <TEXT_TYPE>S</TEXT_TYPE>
      <TEXT_NAME>ICON_SELECT_ALL</TEXT_NAME>
      <ICON_ID>@4B@</ICON_ID>
      <FUN_TEXT>Select All</FUN_TEXT>
      <INFO_TEXT>Alle Benutzer markieren</INFO_TEXT>
     </RSMPE_FUNT>
     <RSMPE_FUNT>
      <CODE>MARD</CODE>
      <TEXTNO>001</TEXTNO>
      <TEXT_TYPE>S</TEXT_TYPE>
      <TEXT_NAME>ICON_DESELECT_ALL</TEXT_NAME>
      <ICON_ID>@4D@</ICON_ID>
      <FUN_TEXT>De-Select All</FUN_TEXT>
     </RSMPE_FUNT>
     <RSMPE_FUNT>
      <CODE>MYPICK</CODE>
      <TEXTNO>001</TEXTNO>
      <TEXT_TYPE>S</TEXT_TYPE>
      <TEXT_NAME>ICON_DETAIL</TEXT_NAME>
      <ICON_ID>@3R@</ICON_ID>
      <FUN_TEXT>Details anzeigen</FUN_TEXT>
      <PATH>D</PATH>
     </RSMPE_FUNT>
     <RSMPE_FUNT>
      <CODE>P+</CODE>
      <TEXTNO>001</TEXTNO>
      <TEXT_TYPE>S</TEXT_TYPE>
      <FUN_TEXT>Next Entry</FUN_TEXT>
     </RSMPE_FUNT>
     <RSMPE_FUNT>
      <CODE>P++</CODE>
      <TEXTNO>001</TEXTNO>
      <TEXT_TYPE>S</TEXT_TYPE>
      <FUN_TEXT>Last Entry</FUN_TEXT>
     </RSMPE_FUNT>
     <RSMPE_FUNT>
      <CODE>P-</CODE>
      <TEXTNO>001</TEXTNO>
      <TEXT_TYPE>S</TEXT_TYPE>
      <FUN_TEXT>Previous Entry</FUN_TEXT>
     </RSMPE_FUNT>
     <RSMPE_FUNT>
      <CODE>P--</CODE>
      <TEXTNO>001</TEXTNO>
      <TEXT_TYPE>S</TEXT_TYPE>
      <FUN_TEXT>First Entry</FUN_TEXT>
     </RSMPE_FUNT>
     <RSMPE_FUNT>
      <CODE>TAKE</CODE>
      <TEXTNO>001</TEXTNO>
      <TEXT_TYPE>S</TEXT_TYPE>
      <TEXT_NAME>ICON_OKAY</TEXT_NAME>
      <ICON_ID>@0V@</ICON_ID>
      <FUN_TEXT>Execute</FUN_TEXT>
      <INFO_TEXT>Markierte Benutzer ÃÆÃÂ¼bernehmen</INFO_TEXT>
     </RSMPE_FUNT>
     <RSMPE_FUNT>
      <CODE>UAGR</CODE>
      <TEXTNO>001</TEXTNO>
      <TEXT_TYPE>S</TEXT_TYPE>
      <TEXT_NAME>ICON_LIST</TEXT_NAME>
      <ICON_ID>@3W@</ICON_ID>
      <FUN_TEXT>Liste mit Rollen</FUN_TEXT>
      <ICON_TEXT>Rollen</ICON_TEXT>
      <INFO_TEXT>Liste mit Rollen</INFO_TEXT>
     </RSMPE_FUNT>
     <RSMPE_FUNT>
      <CODE>UPROF</CODE>
      <TEXTNO>001</TEXTNO>
      <TEXT_TYPE>S</TEXT_TYPE>
      <TEXT_NAME>ICON_LIST</TEXT_NAME>
      <ICON_ID>@3W@</ICON_ID>
      <FUN_TEXT>Liste mit Profilen</FUN_TEXT>
      <ICON_TEXT>Profile</ICON_TEXT>
      <INFO_TEXT>Liste mit Profilen</INFO_TEXT>
     </RSMPE_FUNT>
    </FUN>
    <MEN>
     <RSMPE_MEN>
      <CODE>000001</CODE>
      <NO>01</NO>
      <REF_TYPE>F</REF_TYPE>
      <REF_CODE>&amp;RNT</REF_CODE>
      <REF_NO>001</REF_NO>
     </RSMPE_MEN>
     <RSMPE_MEN>
      <CODE>000001</CODE>
      <NO>02</NO>
      <REF_TYPE>M</REF_TYPE>
      <REF_CODE>000002</REF_CODE>
     </RSMPE_MEN>
     <RSMPE_MEN>
      <CODE>000001</CODE>
      <NO>03</NO>
      <REF_TYPE>F</REF_TYPE>
      <REF_CODE>%SL</REF_CODE>
      <REF_NO>001</REF_NO>
     </RSMPE_MEN>
     <RSMPE_MEN>
      <CODE>000001</CODE>
      <NO>04</NO>
      <REF_TYPE>S</REF_TYPE>
     </RSMPE_MEN>
     <RSMPE_MEN>
      <CODE>000001</CODE>
      <NO>05</NO>
      <REF_TYPE>F</REF_TYPE>
      <REF_CODE>&amp;F15</REF_CODE>
      <REF_NO>001</REF_NO>
     </RSMPE_MEN>
     <RSMPE_MEN>
      <CODE>000001</CODE>
      <NO>06</NO>
      <REF_TYPE>F</REF_TYPE>
      <REF_CODE>&amp;F03</REF_CODE>
      <REF_NO>001</REF_NO>
     </RSMPE_MEN>
     <RSMPE_MEN>
      <CODE>000002</CODE>
      <NO>01</NO>
      <REF_TYPE>F</REF_TYPE>
      <REF_CODE>&amp;AQW</REF_CODE>
      <REF_NO>001</REF_NO>
     </RSMPE_MEN>
     <RSMPE_MEN>
      <CODE>000002</CODE>
      <NO>02</NO>
      <REF_TYPE>F</REF_TYPE>
      <REF_CODE>&amp;XXL</REF_CODE>
      <REF_NO>001</REF_NO>
     </RSMPE_MEN>
     <RSMPE_MEN>
      <CODE>000002</CODE>
      <NO>03</NO>
      <REF_TYPE>F</REF_TYPE>
      <REF_CODE>%PC</REF_CODE>
      <REF_NO>001</REF_NO>
     </RSMPE_MEN>
     <RSMPE_MEN>
      <CODE>000003</CODE>
      <NO>01</NO>
      <REF_TYPE>F</REF_TYPE>
      <REF_CODE>&amp;ALL</REF_CODE>
      <REF_NO>001</REF_NO>
     </RSMPE_MEN>
     <RSMPE_MEN>
      <CODE>000003</CODE>
      <NO>02</NO>
      <REF_TYPE>F</REF_TYPE>
      <REF_CODE>&amp;SAL</REF_CODE>
      <REF_NO>001</REF_NO>
     </RSMPE_MEN>
     <RSMPE_MEN>
      <CODE>000003</CODE>
      <NO>03</NO>
      <REF_TYPE>S</REF_TYPE>
     </RSMPE_MEN>
     <RSMPE_MEN>
      <CODE>000003</CODE>
      <NO>04</NO>
      <REF_TYPE>F</REF_TYPE>
      <REF_CODE>&amp;ILT</REF_CODE>
      <REF_NO>001</REF_NO>
     </RSMPE_MEN>
     <RSMPE_MEN>
      <CODE>000003</CODE>
      <NO>06</NO>
      <REF_TYPE>S</REF_TYPE>
     </RSMPE_MEN>
     <RSMPE_MEN>
      <CODE>000003</CODE>
      <NO>07</NO>
      <REF_TYPE>F</REF_TYPE>
      <REF_CODE>&amp;OUP</REF_CODE>
      <REF_NO>001</REF_NO>
     </RSMPE_MEN>
     <RSMPE_MEN>
      <CODE>000003</CODE>
      <NO>08</NO>
      <REF_TYPE>F</REF_TYPE>
      <REF_CODE>&amp;ODN</REF_CODE>
      <REF_NO>001</REF_NO>
     </RSMPE_MEN>
     <RSMPE_MEN>
      <CODE>000003</CODE>
      <NO>09</NO>
      <REF_TYPE>S</REF_TYPE>
     </RSMPE_MEN>
     <RSMPE_MEN>
      <CODE>000003</CODE>
      <NO>12</NO>
      <REF_TYPE>S</REF_TYPE>
     </RSMPE_MEN>
     <RSMPE_MEN>
      <CODE>000003</CODE>
      <NO>13</NO>
      <REF_TYPE>F</REF_TYPE>
      <REF_CODE>%SC</REF_CODE>
      <REF_NO>001</REF_NO>
     </RSMPE_MEN>
     <RSMPE_MEN>
      <CODE>000003</CODE>
      <NO>14</NO>
      <REF_TYPE>S</REF_TYPE>
     </RSMPE_MEN>
     <RSMPE_MEN>
      <CODE>000003</CODE>
      <NO>15</NO>
      <REF_TYPE>F</REF_TYPE>
      <REF_CODE>&amp;F12</REF_CODE>
      <REF_NO>001</REF_NO>
     </RSMPE_MEN>
     <RSMPE_MEN>
      <CODE>000004</CODE>
      <NO>01</NO>
      <REF_TYPE>F</REF_TYPE>
      <REF_CODE>&amp;ABC</REF_CODE>
      <REF_NO>001</REF_NO>
     </RSMPE_MEN>
     <RSMPE_MEN>
      <CODE>000004</CODE>
      <NO>02</NO>
      <REF_TYPE>S</REF_TYPE>
     </RSMPE_MEN>
     <RSMPE_MEN>
      <CODE>000004</CODE>
      <NO>03</NO>
      <REF_TYPE>F</REF_TYPE>
      <REF_CODE>&amp;F03</REF_CODE>
      <REF_NO>001</REF_NO>
     </RSMPE_MEN>
     <RSMPE_MEN>
      <CODE>000005</CODE>
      <NO>01</NO>
      <REF_TYPE>F</REF_TYPE>
      <REF_CODE>AEND</REF_CODE>
      <REF_NO>001</REF_NO>
     </RSMPE_MEN>
     <RSMPE_MEN>
      <CODE>000006</CODE>
      <NO>01</NO>
      <REF_TYPE>F</REF_TYPE>
      <REF_CODE>&amp;LIS</REF_CODE>
      <REF_NO>001</REF_NO>
     </RSMPE_MEN>
     <RSMPE_MEN>
      <CODE>000006</CODE>
      <NO>02</NO>
      <REF_TYPE>S</REF_TYPE>
     </RSMPE_MEN>
     <RSMPE_MEN>
      <CODE>000006</CODE>
      <NO>03</NO>
      <REF_TYPE>M</REF_TYPE>
      <REF_CODE>000007</REF_CODE>
     </RSMPE_MEN>
     <RSMPE_MEN>
      <CODE>000006</CODE>
      <NO>04</NO>
      <REF_TYPE>S</REF_TYPE>
     </RSMPE_MEN>
     <RSMPE_MEN>
      <CODE>000006</CODE>
      <NO>05</NO>
      <REF_TYPE>M</REF_TYPE>
      <REF_CODE>000008</REF_CODE>
     </RSMPE_MEN>
     <RSMPE_MEN>
      <CODE>000006</CODE>
      <NO>06</NO>
      <REF_TYPE>S</REF_TYPE>
     </RSMPE_MEN>
     <RSMPE_MEN>
      <CODE>000006</CODE>
      <NO>07</NO>
      <REF_TYPE>M</REF_TYPE>
      <REF_CODE>000009</REF_CODE>
     </RSMPE_MEN>
     <RSMPE_MEN>
      <CODE>000006</CODE>
      <NO>08</NO>
      <REF_TYPE>S</REF_TYPE>
     </RSMPE_MEN>
     <RSMPE_MEN>
      <CODE>000006</CODE>
      <NO>09</NO>
      <REF_TYPE>F</REF_TYPE>
      <REF_CODE>&amp;NFO</REF_CODE>
      <REF_NO>001</REF_NO>
     </RSMPE_MEN>
     <RSMPE_MEN>
      <CODE>000006</CODE>
      <NO>10</NO>
      <REF_TYPE>F</REF_TYPE>
      <REF_CODE>&amp;LFO</REF_CODE>
      <REF_NO>001</REF_NO>
     </RSMPE_MEN>
     <RSMPE_MEN>
      <CODE>000007</CODE>
      <NO>01</NO>
      <REF_TYPE>F</REF_TYPE>
      <REF_CODE>&amp;OLX</REF_CODE>
      <REF_NO>001</REF_NO>
     </RSMPE_MEN>
     <RSMPE_MEN>
      <CODE>000007</CODE>
      <NO>02</NO>
      <REF_TYPE>F</REF_TYPE>
      <REF_CODE>&amp;OAD</REF_CODE>
      <REF_NO>001</REF_NO>
     </RSMPE_MEN>
     <RSMPE_MEN>
      <CODE>000007</CODE>
      <NO>03</NO>
      <REF_TYPE>S</REF_TYPE>
     </RSMPE_MEN>
     <RSMPE_MEN>
      <CODE>000007</CODE>
      <NO>04</NO>
      <REF_TYPE>F</REF_TYPE>
      <REF_CODE>&amp;AVE</REF_CODE>
      <REF_NO>001</REF_NO>
     </RSMPE_MEN>
     <RSMPE_MEN>
      <CODE>000007</CODE>
      <NO>05</NO>
      <REF_TYPE>S</REF_TYPE>
     </RSMPE_MEN>
     <RSMPE_MEN>
      <CODE>000007</CODE>
      <NO>06</NO>
      <REF_TYPE>F</REF_TYPE>
      <REF_CODE>&amp;ERW</REF_CODE>
      <REF_NO>001</REF_NO>
     </RSMPE_MEN>
     <RSMPE_MEN>
      <CODE>000008</CODE>
      <NO>01</NO>
      <REF_TYPE>F</REF_TYPE>
      <REF_CODE>&amp;KOM</REF_CODE>
      <REF_NO>001</REF_NO>
     </RSMPE_MEN>
     <RSMPE_MEN>
      <CODE>000008</CODE>
      <NO>02</NO>
      <REF_TYPE>F</REF_TYPE>
      <REF_CODE>&amp;AUF</REF_CODE>
      <REF_NO>001</REF_NO>
     </RSMPE_MEN>
     <RSMPE_MEN>
      <CODE>000009</CODE>
      <NO>01</NO>
      <REF_TYPE>F</REF_TYPE>
      <REF_CODE>&amp;OPT</REF_CODE>
      <REF_NO>001</REF_NO>
     </RSMPE_MEN>
     <RSMPE_MEN>
      <CODE>000009</CODE>
      <NO>02</NO>
      <REF_TYPE>S</REF_TYPE>
     </RSMPE_MEN>
     <RSMPE_MEN>
      <CODE>000009</CODE>
      <NO>03</NO>
      <REF_TYPE>F</REF_TYPE>
      <REF_CODE>&amp;CFI</REF_CODE>
      <REF_NO>001</REF_NO>
     </RSMPE_MEN>
     <RSMPE_MEN>
      <CODE>000009</CODE>
      <NO>04</NO>
      <REF_TYPE>F</REF_TYPE>
      <REF_CODE>&amp;CDF</REF_CODE>
      <REF_NO>001</REF_NO>
     </RSMPE_MEN>
    </MEN>
    <MTX>
     <RSMPE_MNLT>
      <CODE>000001</CODE>
      <TEXT_TYPE>S</TEXT_TYPE>
      <TEXT>List</TEXT>
      <PATH>L</PATH>
     </RSMPE_MNLT>
     <RSMPE_MNLT>
      <CODE>000002</CODE>
      <TEXT_TYPE>S</TEXT_TYPE>
      <TEXT>Export</TEXT>
      <PATH>E</PATH>
     </RSMPE_MNLT>
     <RSMPE_MNLT>
      <CODE>000003</CODE>
      <TEXT_TYPE>S</TEXT_TYPE>
      <TEXT>Edit</TEXT>
      <PATH>E</PATH>
     </RSMPE_MNLT>
     <RSMPE_MNLT>
      <CODE>000004</CODE>
      <TEXT_TYPE>S</TEXT_TYPE>
      <TEXT>Jump</TEXT>
      <PATH>J</PATH>
     </RSMPE_MNLT>
     <RSMPE_MNLT>
      <CODE>000005</CODE>
      <TEXT_TYPE>S</TEXT_TYPE>
      <TEXT>User</TEXT>
      <PATH>U</PATH>
     </RSMPE_MNLT>
     <RSMPE_MNLT>
      <CODE>000006</CODE>
      <TEXT_TYPE>S</TEXT_TYPE>
      <TEXT>Attitudes</TEXT>
      <PATH>A</PATH>
     </RSMPE_MNLT>
     <RSMPE_MNLT>
      <CODE>000007</CODE>
      <TEXT_TYPE>S</TEXT_TYPE>
      <TEXT>Anzeigevariante</TEXT>
      <PATH>A</PATH>
     </RSMPE_MNLT>
     <RSMPE_MNLT>
      <CODE>000008</CODE>
      <TEXT_TYPE>S</TEXT_TYPE>
      <TEXT>Summenstufen</TEXT>
      <PATH>S</PATH>
     </RSMPE_MNLT>
     <RSMPE_MNLT>
      <CODE>000009</CODE>
      <TEXT_TYPE>S</TEXT_TYPE>
      <TEXT>Spalten</TEXT>
      <PATH>P</PATH>
     </RSMPE_MNLT>
     <RSMPE_MNLT>
      <CODE>000016</CODE>
      <TEXT_TYPE>S</TEXT_TYPE>
      <TEXT>Edit</TEXT>
      <PATH>E</PATH>
      <INT_NOTE>Standard supplement</INT_NOTE>
     </RSMPE_MNLT>
    </MTX>
    <ACT>
     <RSMPE_ACT>
      <CODE>000001</CODE>
      <NO>01</NO>
      <MENUCODE>000001</MENUCODE>
     </RSMPE_ACT>
     <RSMPE_ACT>
      <CODE>000001</CODE>
      <NO>02</NO>
      <MENUCODE>000003</MENUCODE>
     </RSMPE_ACT>
    </ACT>
    <BUT>
     <RSMPE_BUT>
      <PFK_CODE>000001</PFK_CODE>
      <CODE>0001</CODE>
      <NO>01</NO>
      <PFNO>14</PFNO>
     </RSMPE_BUT>
     <RSMPE_BUT>
      <PFK_CODE>000001</PFK_CODE>
      <CODE>0001</CODE>
      <NO>02</NO>
      <PFNO>39</PFNO>
     </RSMPE_BUT>
     <RSMPE_BUT>
      <PFK_CODE>000001</PFK_CODE>
      <CODE>0001</CODE>
      <NO>03</NO>
      <PFNO>41</PFNO>
     </RSMPE_BUT>
     <RSMPE_BUT>
      <PFK_CODE>000001</PFK_CODE>
      <CODE>0001</CODE>
      <NO>04</NO>
      <PFNO>40</PFNO>
     </RSMPE_BUT>
     <RSMPE_BUT>
      <PFK_CODE>000001</PFK_CODE>
      <CODE>0001</CODE>
      <NO>05</NO>
      <PFNO>05</PFNO>
     </RSMPE_BUT>
     <RSMPE_BUT>
      <PFK_CODE>000001</PFK_CODE>
      <CODE>0001</CODE>
      <NO>06</NO>
      <PFNO>06</PFNO>
     </RSMPE_BUT>
     <RSMPE_BUT>
      <PFK_CODE>000001</PFK_CODE>
      <CODE>0001</CODE>
      <NO>07</NO>
      <PFNO>38</PFNO>
     </RSMPE_BUT>
     <RSMPE_BUT>
      <PFK_CODE>000001</PFK_CODE>
      <CODE>0001</CODE>
      <NO>08</NO>
      <PFNO>09</PFNO>
     </RSMPE_BUT>
    </BUT>
    <PFK>
     <RSMPE_PFK>
      <CODE>000001</CODE>
      <PFNO>01</PFNO>
      <FUNCODE>&amp;ELP</FUNCODE>
      <FUNNO>001</FUNNO>
     </RSMPE_PFK>
     <RSMPE_PFK>
      <CODE>000001</CODE>
      <PFNO>02</PFNO>
      <FUNCODE>MYPICK</FUNCODE>
      <FUNNO>001</FUNNO>
     </RSMPE_PFK>
     <RSMPE_PFK>
      <CODE>000001</CODE>
      <PFNO>03</PFNO>
      <FUNCODE>&amp;F03</FUNCODE>
      <FUNNO>001</FUNNO>
     </RSMPE_PFK>
     <RSMPE_PFK>
      <CODE>000001</CODE>
      <PFNO>05</PFNO>
      <FUNCODE>&amp;ALL</FUNCODE>
      <FUNNO>001</FUNNO>
     </RSMPE_PFK>
     <RSMPE_PFK>
      <CODE>000001</CODE>
      <PFNO>06</PFNO>
      <FUNCODE>&amp;SAL</FUNCODE>
      <FUNNO>001</FUNNO>
     </RSMPE_PFK>
     <RSMPE_PFK>
      <CODE>000001</CODE>
      <PFNO>07</PFNO>
      <FUNCODE>&amp;NFO</FUNCODE>
      <FUNNO>001</FUNNO>
     </RSMPE_PFK>
     <RSMPE_PFK>
      <CODE>000001</CODE>
      <PFNO>08</PFNO>
      <FUNCODE>&amp;NTE</FUNCODE>
      <FUNNO>001</FUNNO>
     </RSMPE_PFK>
     <RSMPE_PFK>
      <CODE>000001</CODE>
      <PFNO>09</PFNO>
      <FUNCODE>%PC</FUNCODE>
      <FUNNO>001</FUNNO>
     </RSMPE_PFK>
     <RSMPE_PFK>
      <CODE>000001</CODE>
      <PFNO>12</PFNO>
      <FUNCODE>&amp;F12</FUNCODE>
      <FUNNO>001</FUNNO>
     </RSMPE_PFK>
     <RSMPE_PFK>
      <CODE>000001</CODE>
      <PFNO>13</PFNO>
      <FUNCODE>&amp;RNT</FUNCODE>
      <FUNNO>001</FUNNO>
     </RSMPE_PFK>
     <RSMPE_PFK>
      <CODE>000001</CODE>
      <PFNO>14</PFNO>
      <FUNCODE>TAKE</FUNCODE>
      <FUNNO>001</FUNNO>
     </RSMPE_PFK>
     <RSMPE_PFK>
      <CODE>000001</CODE>
      <PFNO>15</PFNO>
      <FUNCODE>&amp;F15</FUNCODE>
      <FUNNO>001</FUNNO>
     </RSMPE_PFK>
     <RSMPE_PFK>
      <CODE>000001</CODE>
      <PFNO>16</PFNO>
      <FUNCODE>&amp;XXL</FUNCODE>
      <FUNNO>001</FUNNO>
     </RSMPE_PFK>
     <RSMPE_PFK>
      <CODE>000001</CODE>
      <PFNO>17</PFNO>
      <FUNCODE>&amp;AQW</FUNCODE>
      <FUNNO>001</FUNNO>
     </RSMPE_PFK>
     <RSMPE_PFK>
      <CODE>000001</CODE>
      <PFNO>18</PFNO>
      <FUNCODE>&amp;ABC</FUNCODE>
      <FUNNO>001</FUNNO>
     </RSMPE_PFK>
     <RSMPE_PFK>
      <CODE>000001</CODE>
      <PFNO>19</PFNO>
      <FUNCODE>&amp;UMC</FUNCODE>
      <FUNNO>001</FUNNO>
     </RSMPE_PFK>
     <RSMPE_PFK>
      <CODE>000001</CODE>
      <PFNO>20</PFNO>
      <FUNCODE>%SL</FUNCODE>
      <FUNNO>001</FUNNO>
     </RSMPE_PFK>
     <RSMPE_PFK>
      <CODE>000001</CODE>
      <PFNO>38</PFNO>
      <FUNCODE>&amp;ILT</FUNCODE>
      <FUNNO>001</FUNNO>
     </RSMPE_PFK>
     <RSMPE_PFK>
      <CODE>000001</CODE>
      <PFNO>39</PFNO>
      <FUNCODE>&amp;ETA</FUNCODE>
      <FUNNO>001</FUNNO>
     </RSMPE_PFK>
     <RSMPE_PFK>
      <CODE>000001</CODE>
      <PFNO>40</PFNO>
      <FUNCODE>&amp;ODN</FUNCODE>
      <FUNNO>001</FUNNO>
     </RSMPE_PFK>
     <RSMPE_PFK>
      <CODE>000001</CODE>
      <PFNO>41</PFNO>
      <FUNCODE>&amp;OUP</FUNCODE>
      <FUNNO>001</FUNNO>
     </RSMPE_PFK>
     <RSMPE_PFK>
      <CODE>000001</CODE>
      <PFNO>44</PFNO>
      <FUNCODE>MARA</FUNCODE>
      <FUNNO>001</FUNNO>
     </RSMPE_PFK>
     <RSMPE_PFK>
      <CODE>000001</CODE>
      <PFNO>45</PFNO>
      <FUNCODE>MARD</FUNCODE>
      <FUNNO>001</FUNNO>
     </RSMPE_PFK>
     <RSMPE_PFK>
      <CODE>000001</CODE>
      <PFNO>71</PFNO>
      <FUNCODE>%SC</FUNCODE>
      <FUNNO>001</FUNNO>
     </RSMPE_PFK>
     <RSMPE_PFK>
      <CODE>000001</CODE>
      <PFNO>80</PFNO>
      <FUNCODE>P--</FUNCODE>
      <FUNNO>001</FUNNO>
     </RSMPE_PFK>
     <RSMPE_PFK>
      <CODE>000001</CODE>
      <PFNO>81</PFNO>
      <FUNCODE>P-</FUNCODE>
      <FUNNO>001</FUNNO>
     </RSMPE_PFK>
     <RSMPE_PFK>
      <CODE>000001</CODE>
      <PFNO>82</PFNO>
      <FUNCODE>P+</FUNCODE>
      <FUNNO>001</FUNNO>
     </RSMPE_PFK>
     <RSMPE_PFK>
      <CODE>000001</CODE>
      <PFNO>83</PFNO>
      <FUNCODE>P++</FUNCODE>
      <FUNNO>001</FUNNO>
     </RSMPE_PFK>
     <RSMPE_PFK>
      <CODE>000001</CODE>
      <PFNO>86</PFNO>
      <FUNCODE>&amp;RNT</FUNCODE>
      <FUNNO>001</FUNNO>
     </RSMPE_PFK>
    </PFK>
    <SET>
     <RSMPE_STAF>
      <STATUS>SELOBJ</STATUS>
      <FUNCTION>%CH</FUNCTION>
     </RSMPE_STAF>
     <RSMPE_STAF>
      <STATUS>SELOBJ</STATUS>
      <FUNCTION>%EX</FUNCTION>
     </RSMPE_STAF>
     <RSMPE_STAF>
      <STATUS>SELOBJ</STATUS>
      <FUNCTION>%PC</FUNCTION>
     </RSMPE_STAF>
     <RSMPE_STAF>
      <STATUS>SELOBJ</STATUS>
      <FUNCTION>%SC</FUNCTION>
     </RSMPE_STAF>
     <RSMPE_STAF>
      <STATUS>SELOBJ</STATUS>
      <FUNCTION>%SC+</FUNCTION>
     </RSMPE_STAF>
     <RSMPE_STAF>
      <STATUS>SELOBJ</STATUS>
      <FUNCTION>%SL</FUNCTION>
     </RSMPE_STAF>
     <RSMPE_STAF>
      <STATUS>SELOBJ</STATUS>
      <FUNCTION>%ST</FUNCTION>
     </RSMPE_STAF>
     <RSMPE_STAF>
      <STATUS>SELOBJ</STATUS>
      <FUNCTION>&amp;ABC</FUNCTION>
     </RSMPE_STAF>
     <RSMPE_STAF>
      <STATUS>SELOBJ</STATUS>
      <FUNCTION>&amp;ALL</FUNCTION>
     </RSMPE_STAF>
     <RSMPE_STAF>
      <STATUS>SELOBJ</STATUS>
      <FUNCTION>&amp;AQW</FUNCTION>
     </RSMPE_STAF>
     <RSMPE_STAF>
      <STATUS>SELOBJ</STATUS>
      <FUNCTION>&amp;AUF</FUNCTION>
     </RSMPE_STAF>
     <RSMPE_STAF>
      <STATUS>SELOBJ</STATUS>
      <FUNCTION>&amp;CDF</FUNCTION>
     </RSMPE_STAF>
     <RSMPE_STAF>
      <STATUS>SELOBJ</STATUS>
      <FUNCTION>&amp;CFI</FUNCTION>
     </RSMPE_STAF>
     <RSMPE_STAF>
      <STATUS>SELOBJ</STATUS>
      <FUNCTION>&amp;ELP</FUNCTION>
     </RSMPE_STAF>
     <RSMPE_STAF>
      <STATUS>SELOBJ</STATUS>
      <FUNCTION>&amp;ERW</FUNCTION>
     </RSMPE_STAF>
     <RSMPE_STAF>
      <STATUS>SELOBJ</STATUS>
      <FUNCTION>&amp;ETA</FUNCTION>
     </RSMPE_STAF>
     <RSMPE_STAF>
      <STATUS>SELOBJ</STATUS>
      <FUNCTION>&amp;F03</FUNCTION>
     </RSMPE_STAF>
     <RSMPE_STAF>
      <STATUS>SELOBJ</STATUS>
      <FUNCTION>&amp;F12</FUNCTION>
     </RSMPE_STAF>
     <RSMPE_STAF>
      <STATUS>SELOBJ</STATUS>
      <FUNCTION>&amp;F15</FUNCTION>
     </RSMPE_STAF>
     <RSMPE_STAF>
      <STATUS>SELOBJ</STATUS>
      <FUNCTION>&amp;ILD</FUNCTION>
     </RSMPE_STAF>
     <RSMPE_STAF>
      <STATUS>SELOBJ</STATUS>
      <FUNCTION>&amp;ILT</FUNCTION>
     </RSMPE_STAF>
     <RSMPE_STAF>
      <STATUS>SELOBJ</STATUS>
      <FUNCTION>&amp;KOM</FUNCTION>
     </RSMPE_STAF>
     <RSMPE_STAF>
      <STATUS>SELOBJ</STATUS>
      <FUNCTION>&amp;LIS</FUNCTION>
     </RSMPE_STAF>
     <RSMPE_STAF>
      <STATUS>SELOBJ</STATUS>
      <FUNCTION>&amp;NFO</FUNCTION>
     </RSMPE_STAF>
     <RSMPE_STAF>
      <STATUS>SELOBJ</STATUS>
      <FUNCTION>&amp;NTE</FUNCTION>
     </RSMPE_STAF>
     <RSMPE_STAF>
      <STATUS>SELOBJ</STATUS>
      <FUNCTION>&amp;ODN</FUNCTION>
     </RSMPE_STAF>
     <RSMPE_STAF>
      <STATUS>SELOBJ</STATUS>
      <FUNCTION>&amp;OL1</FUNCTION>
     </RSMPE_STAF>
     <RSMPE_STAF>
      <STATUS>SELOBJ</STATUS>
      <FUNCTION>&amp;OL2</FUNCTION>
     </RSMPE_STAF>
     <RSMPE_STAF>
      <STATUS>SELOBJ</STATUS>
      <FUNCTION>&amp;OL3</FUNCTION>
     </RSMPE_STAF>
     <RSMPE_STAF>
      <STATUS>SELOBJ</STATUS>
      <FUNCTION>&amp;OL4</FUNCTION>
     </RSMPE_STAF>
     <RSMPE_STAF>
      <STATUS>SELOBJ</STATUS>
      <FUNCTION>&amp;OL5</FUNCTION>
     </RSMPE_STAF>
     <RSMPE_STAF>
      <STATUS>SELOBJ</STATUS>
      <FUNCTION>&amp;OLX</FUNCTION>
     </RSMPE_STAF>
     <RSMPE_STAF>
      <STATUS>SELOBJ</STATUS>
      <FUNCTION>&amp;OPT</FUNCTION>
     </RSMPE_STAF>
     <RSMPE_STAF>
      <STATUS>SELOBJ</STATUS>
      <FUNCTION>&amp;OUP</FUNCTION>
     </RSMPE_STAF>
     <RSMPE_STAF>
      <STATUS>SELOBJ</STATUS>
      <FUNCTION>&amp;RNT</FUNCTION>
     </RSMPE_STAF>
     <RSMPE_STAF>
      <STATUS>SELOBJ</STATUS>
      <FUNCTION>&amp;SAL</FUNCTION>
     </RSMPE_STAF>
     <RSMPE_STAF>
      <STATUS>SELOBJ</STATUS>
      <FUNCTION>&amp;SUM</FUNCTION>
     </RSMPE_STAF>
     <RSMPE_STAF>
      <STATUS>SELOBJ</STATUS>
      <FUNCTION>&amp;UMC</FUNCTION>
     </RSMPE_STAF>
     <RSMPE_STAF>
      <STATUS>SELOBJ</STATUS>
      <FUNCTION>&amp;XXL</FUNCTION>
     </RSMPE_STAF>
     <RSMPE_STAF>
      <STATUS>SELOBJ</STATUS>
      <FUNCTION>BAC1</FUNCTION>
     </RSMPE_STAF>
     <RSMPE_STAF>
      <STATUS>SELOBJ</STATUS>
      <FUNCTION>BACK</FUNCTION>
     </RSMPE_STAF>
     <RSMPE_STAF>
      <STATUS>SELOBJ</STATUS>
      <FUNCTION>BEB1</FUNCTION>
     </RSMPE_STAF>
     <RSMPE_STAF>
      <STATUS>SELOBJ</STATUS>
      <FUNCTION>BEB2</FUNCTION>
     </RSMPE_STAF>
     <RSMPE_STAF>
      <STATUS>SELOBJ</STATUS>
      <FUNCTION>BEB3</FUNCTION>
     </RSMPE_STAF>
     <RSMPE_STAF>
      <STATUS>SELOBJ</STATUS>
      <FUNCTION>BEB9</FUNCTION>
     </RSMPE_STAF>
     <RSMPE_STAF>
      <STATUS>SELOBJ</STATUS>
      <FUNCTION>BEBN</FUNCTION>
     </RSMPE_STAF>
     <RSMPE_STAF>
      <STATUS>SELOBJ</STATUS>
      <FUNCTION>COL0</FUNCTION>
     </RSMPE_STAF>
     <RSMPE_STAF>
      <STATUS>SELOBJ</STATUS>
      <FUNCTION>COLX</FUNCTION>
     </RSMPE_STAF>
     <RSMPE_STAF>
      <STATUS>SELOBJ</STATUS>
      <FUNCTION>DETA</FUNCTION>
     </RSMPE_STAF>
     <RSMPE_STAF>
      <STATUS>SELOBJ</STATUS>
      <FUNCTION>DRUK</FUNCTION>
     </RSMPE_STAF>
     <RSMPE_STAF>
      <STATUS>SELOBJ</STATUS>
      <FUNCTION>DSAL</FUNCTION>
     </RSMPE_STAF>
     <RSMPE_STAF>
      <STATUS>SELOBJ</STATUS>
      <FUNCTION>ENTE</FUNCTION>
     </RSMPE_STAF>
     <RSMPE_STAF>
      <STATUS>SELOBJ</STATUS>
      <FUNCTION>EXIT</FUNCTION>
     </RSMPE_STAF>
     <RSMPE_STAF>
      <STATUS>SELOBJ</STATUS>
      <FUNCTION>EXPA</FUNCTION>
     </RSMPE_STAF>
     <RSMPE_STAF>
      <STATUS>SELOBJ</STATUS>
      <FUNCTION>FILD</FUNCTION>
     </RSMPE_STAF>
     <RSMPE_STAF>
      <STATUS>SELOBJ</STATUS>
      <FUNCTION>FILT</FUNCTION>
     </RSMPE_STAF>
     <RSMPE_STAF>
      <STATUS>SELOBJ</STATUS>
      <FUNCTION>GLIS</FUNCTION>
     </RSMPE_STAF>
     <RSMPE_STAF>
      <STATUS>SELOBJ</STATUS>
      <FUNCTION>HELP</FUNCTION>
     </RSMPE_STAF>
     <RSMPE_STAF>
      <STATUS>SELOBJ</STATUS>
      <FUNCTION>INFO</FUNCTION>
     </RSMPE_STAF>
     <RSMPE_STAF>
      <STATUS>SELOBJ</STATUS>
      <FUNCTION>KOMP</FUNCTION>
     </RSMPE_STAF>
     <RSMPE_STAF>
      <STATUS>SELOBJ</STATUS>
      <FUNCTION>LOAD</FUNCTION>
     </RSMPE_STAF>
     <RSMPE_STAF>
      <STATUS>SELOBJ</STATUS>
      <FUNCTION>MARA</FUNCTION>
     </RSMPE_STAF>
     <RSMPE_STAF>
      <STATUS>SELOBJ</STATUS>
      <FUNCTION>MARD</FUNCTION>
     </RSMPE_STAF>
     <RSMPE_STAF>
      <STATUS>SELOBJ</STATUS>
      <FUNCTION>MYPICK</FUNCTION>
     </RSMPE_STAF>
     <RSMPE_STAF>
      <STATUS>SELOBJ</STATUS>
      <FUNCTION>P+</FUNCTION>
     </RSMPE_STAF>
     <RSMPE_STAF>
      <STATUS>SELOBJ</STATUS>
      <FUNCTION>P++</FUNCTION>
     </RSMPE_STAF>
     <RSMPE_STAF>
      <STATUS>SELOBJ</STATUS>
      <FUNCTION>P-</FUNCTION>
     </RSMPE_STAF>
     <RSMPE_STAF>
      <STATUS>SELOBJ</STATUS>
      <FUNCTION>P--</FUNCTION>
     </RSMPE_STAF>
     <RSMPE_STAF>
      <STATUS>SELOBJ</STATUS>
      <FUNCTION>PF09</FUNCTION>
     </RSMPE_STAF>
     <RSMPE_STAF>
      <STATUS>SELOBJ</STATUS>
      <FUNCTION>PF13</FUNCTION>
     </RSMPE_STAF>
     <RSMPE_STAF>
      <STATUS>SELOBJ</STATUS>
      <FUNCTION>PIC1</FUNCTION>
     </RSMPE_STAF>
     <RSMPE_STAF>
      <STATUS>SELOBJ</STATUS>
      <FUNCTION>PICK</FUNCTION>
     </RSMPE_STAF>
     <RSMPE_STAF>
      <STATUS>SELOBJ</STATUS>
      <FUNCTION>PRI</FUNCTION>
     </RSMPE_STAF>
     <RSMPE_STAF>
      <STATUS>SELOBJ</STATUS>
      <FUNCTION>PRIN</FUNCTION>
     </RSMPE_STAF>
     <RSMPE_STAF>
      <STATUS>SELOBJ</STATUS>
      <FUNCTION>PRNT</FUNCTION>
     </RSMPE_STAF>
     <RSMPE_STAF>
      <STATUS>SELOBJ</STATUS>
      <FUNCTION>RW</FUNCTION>
     </RSMPE_STAF>
     <RSMPE_STAF>
      <STATUS>SELOBJ</STATUS>
      <FUNCTION>SALL</FUNCTION>
     </RSMPE_STAF>
     <RSMPE_STAF>
      <STATUS>SELOBJ</STATUS>
      <FUNCTION>SAUF</FUNCTION>
     </RSMPE_STAF>
     <RSMPE_STAF>
      <STATUS>SELOBJ</STATUS>
      <FUNCTION>SAVE</FUNCTION>
     </RSMPE_STAF>
     <RSMPE_STAF>
      <STATUS>SELOBJ</STATUS>
      <FUNCTION>SCRB</FUNCTION>
     </RSMPE_STAF>
     <RSMPE_STAF>
      <STATUS>SELOBJ</STATUS>
      <FUNCTION>SCRE</FUNCTION>
     </RSMPE_STAF>
     <RSMPE_STAF>
      <STATUS>SELOBJ</STATUS>
      <FUNCTION>SCRL</FUNCTION>
     </RSMPE_STAF>
     <RSMPE_STAF>
      <STATUS>SELOBJ</STATUS>
      <FUNCTION>SCRR</FUNCTION>
     </RSMPE_STAF>
     <RSMPE_STAF>
      <STATUS>SELOBJ</STATUS>
      <FUNCTION>SKOM</FUNCTION>
     </RSMPE_STAF>
     <RSMPE_STAF>
      <STATUS>SELOBJ</STATUS>
      <FUNCTION>SODN</FUNCTION>
     </RSMPE_STAF>
     <RSMPE_STAF>
      <STATUS>SELOBJ</STATUS>
      <FUNCTION>SOUP</FUNCTION>
     </RSMPE_STAF>
     <RSMPE_STAF>
      <STATUS>SELOBJ</STATUS>
      <FUNCTION>SUMC</FUNCTION>
     </RSMPE_STAF>
     <RSMPE_STAF>
      <STATUS>SELOBJ</STATUS>
      <FUNCTION>TAKE</FUNCTION>
     </RSMPE_STAF>
     <RSMPE_STAF>
      <STATUS>SELOBJ</STATUS>
      <FUNCTION>VERW</FUNCTION>
     </RSMPE_STAF>
     <RSMPE_STAF>
      <STATUS>SELOBJ</STATUS>
      <FUNCTION>ZSUM</FUNCTION>
     </RSMPE_STAF>
    </SET>
    <DOC>
     <RSMPE_ATRT>
      <OBJ_TYPE>A</OBJ_TYPE>
      <OBJ_CODE>000001</OBJ_CODE>
      <MODAL>D</MODAL>
      <INT_NOTE>STANDARD</INT_NOTE>
     </RSMPE_ATRT>
     <RSMPE_ATRT>
      <OBJ_TYPE>P</OBJ_TYPE>
      <OBJ_CODE>000001</OBJ_CODE>
      <MODAL>D</MODAL>
      <NORM>X</NORM>
      <INT_NOTE>Standard Maximum Interation</INT_NOTE>
     </RSMPE_ATRT>
     <RSMPE_ATRT>
      <OBJ_TYPE>B</OBJ_TYPE>
      <OBJ_CODE>000001</OBJ_CODE>
      <SUB_CODE>0001</SUB_CODE>
      <MODAL>D</MODAL>
      <INT_NOTE>Standard Maximum Interation</INT_NOTE>
     </RSMPE_ATRT>
     <RSMPE_ATRT>
      <OBJ_TYPE>A</OBJ_TYPE>
      <OBJ_CODE>000002</OBJ_CODE>
      <MODAL>D</MODAL>
      <INT_NOTE>Standard maximale Interaktion</INT_NOTE>
     </RSMPE_ATRT>
     <RSMPE_ATRT>
      <OBJ_TYPE>P</OBJ_TYPE>
      <OBJ_CODE>000002</OBJ_CODE>
      <MODAL>D</MODAL>
      <NORM>X</NORM>
      <INT_NOTE>Standard maximale Interaktion</INT_NOTE>
     </RSMPE_ATRT>
     <RSMPE_ATRT>
      <OBJ_TYPE>B</OBJ_TYPE>
      <OBJ_CODE>000002</OBJ_CODE>
      <SUB_CODE>0001</SUB_CODE>
      <MODAL>D</MODAL>
      <INT_NOTE>Standard maximale Interaktion</INT_NOTE>
     </RSMPE_ATRT>
    </DOC>
   </CUA>
   <TPOOL>
    <item>
     <ID>I</ID>
     <KEY>INP</KEY>
     <ENTRY>Installed Plugins</ENTRY>
     <LENGTH>25</LENGTH>
    </item>
    <item>
     <ID>I</ID>
     <KEY>NGA</KEY>
     <ENTRY>Add Object to Nugget</ENTRY>
     <LENGTH>25</LENGTH>
    </item>
    <item>
     <ID>I</ID>
     <KEY>NGC</KEY>
     <ENTRY>Create Empty Nugget</ENTRY>
     <LENGTH>25</LENGTH>
    </item>
    <item>
     <ID>I</ID>
     <KEY>NGI</KEY>
     <ENTRY>Import Nugget</ENTRY>
     <LENGTH>20</LENGTH>
    </item>
    <item>
     <ID>I</ID>
     <KEY>NOI</KEY>
     <ENTRY>is not installed on this system</ENTRY>
     <LENGTH>40</LENGTH>
    </item>
    <item>
     <ID>I</ID>
     <KEY>OPT</KEY>
     <ENTRY>Options</ENTRY>
     <LENGTH>7</LENGTH>
    </item>
    <item>
     <ID>I</ID>
     <KEY>PLO</KEY>
     <ENTRY>Plugin for object type</ENTRY>
     <LENGTH>30</LENGTH>
    </item>
    <item>
     <ID>I</ID>
     <KEY>SLK</KEY>
     <ENTRY>SAPlink</ENTRY>
     <LENGTH>7</LENGTH>
    </item>
    <item>
     <ID>I</ID>
     <KEY>TB1</KEY>
     <ENTRY>Slinkee</ENTRY>
     <LENGTH>7</LENGTH>
    </item>
    <item>
     <ID>I</ID>
     <KEY>TB2</KEY>
     <ENTRY>Nugget</ENTRY>
     <LENGTH>6</LENGTH>
    </item>
    <item>
     <ID>I</ID>
     <KEY>URL</KEY>
     <ENTRY>Visit http://www.saplink.org</ENTRY>
     <LENGTH>60</LENGTH>
    </item>
    <item>
     <ID>I</ID>
     <KEY>VER</KEY>
     <ENTRY>Updated version of CLASS ZSAPLINK available</ENTRY>
     <LENGTH>60</LENGTH>
    </item>
    <item>
     <ID>S</ID>
     <KEY>EXPORT</KEY>
     <ENTRY>Export Object to Slinkee</ENTRY>
     <LENGTH>32</LENGTH>
    </item>
    <item>
     <ID>S</ID>
     <KEY>FILENAME</KEY>
     <ENTRY>Slinkee File Name</ENTRY>
     <LENGTH>33</LENGTH>
    </item>
    <item>
     <ID>S</ID>
     <KEY>IMPORT</KEY>
     <ENTRY>Import Slinkee</ENTRY>
     <LENGTH>22</LENGTH>
    </item>
    <item>
     <ID>S</ID>
     <KEY>NOBJNAM</KEY>
     <ENTRY>Object Name</ENTRY>
     <LENGTH>19</LENGTH>
    </item>
    <item>
     <ID>S</ID>
     <KEY>NOVRWR</KEY>
     <ENTRY>Overwrite Originals</ENTRY>
     <LENGTH>27</LENGTH>
    </item>
    <item>
     <ID>S</ID>
     <KEY>NPLUGIN</KEY>
     <ENTRY>Object Type</ENTRY>
     <LENGTH>19</LENGTH>
    </item>
    <item>
     <ID>S</ID>
     <KEY>NUGA</KEY>
     <ENTRY>Add Object to Nugget</ENTRY>
     <LENGTH>28</LENGTH>
    </item>
    <item>
     <ID>S</ID>
     <KEY>NUGC</KEY>
     <ENTRY>Create New Nugget</ENTRY>
     <LENGTH>27</LENGTH>
    </item>
    <item>
     <ID>S</ID>
     <KEY>NUGD</KEY>
     <ENTRY>Display Nugget</ENTRY>
     <LENGTH>33</LENGTH>
    </item>
    <item>
     <ID>S</ID>
     <KEY>NUGFILE</KEY>
     <ENTRY>Nugget File Name</ENTRY>
     <LENGTH>32</LENGTH>
    </item>
    <item>
     <ID>S</ID>
     <KEY>NUGGNAM</KEY>
     <ENTRY>Nugget Name</ENTRY>
     <LENGTH>19</LENGTH>
    </item>
    <item>
     <ID>S</ID>
     <KEY>NUGI</KEY>
     <ENTRY>Import Nugget</ENTRY>
     <LENGTH>21</LENGTH>
    </item>
    <item>
     <ID>S</ID>
     <KEY>NUGP</KEY>
     <ENTRY>Add Objects from a Package</ENTRY>
     <LENGTH>34</LENGTH>
    </item>
    <item>
     <ID>S</ID>
     <KEY>NUGR</KEY>
     <ENTRY>Add Objects from a Transport</ENTRY>
     <LENGTH>36</LENGTH>
    </item>
    <item>
     <ID>S</ID>
     <KEY>OBJNAME</KEY>
     <ENTRY>Object Name</ENTRY>
     <LENGTH>19</LENGTH>
    </item>
    <item>
     <ID>S</ID>
     <KEY>OVERWR</KEY>
     <ENTRY>Overwrite Originals</ENTRY>
     <LENGTH>27</LENGTH>
    </item>
    <item>
     <ID>S</ID>
     <KEY>PACKAGE</KEY>
     <ENTRY>Package Name</ENTRY>
     <LENGTH>20</LENGTH>
    </item>
    <item>
     <ID>S</ID>
     <KEY>PLUGIN</KEY>
     <ENTRY>Object Type</ENTRY>
     <LENGTH>19</LENGTH>
    </item>
    <item>
     <ID>S</ID>
     <KEY>REQNUGG</KEY>
     <ENTRY>Transport Number</ENTRY>
     <LENGTH>24</LENGTH>
    </item>
    <item>
     <ID>S</ID>
     <KEY>SLPKG</KEY>
     <ENTRY>Package Name</ENTRY>
     <LENGTH>20</LENGTH>
    </item>
   </TPOOL>
   <I18N_TPOOL>
    <item>
     <LANGUAGE>D</LANGUAGE>
     <TEXTPOOL>
      <item>
       <ID>I</ID>
       <KEY>INP</KEY>
       <ENTRY>Installierte Plugins</ENTRY>
       <LENGTH>25</LENGTH>
      </item>
      <item>
       <ID>I</ID>
       <KEY>NGA</KEY>
       <ENTRY>Objekt zum Nugget hinzufügen</ENTRY>
       <LENGTH>28</LENGTH>
      </item>
      <item>
       <ID>I</ID>
       <KEY>NGC</KEY>
       <ENTRY>Neues Nugget anlegen</ENTRY>
       <LENGTH>25</LENGTH>
      </item>
      <item>
       <ID>I</ID>
       <KEY>NGI</KEY>
       <ENTRY>Nugget importieren</ENTRY>
       <LENGTH>20</LENGTH>
      </item>
      <item>
       <ID>I</ID>
       <KEY>NOI</KEY>
       <ENTRY>ist kein Plugin installiert</ENTRY>
       <LENGTH>40</LENGTH>
      </item>
      <item>
       <ID>I</ID>
       <KEY>OPT</KEY>
       <ENTRY>Optionen</ENTRY>
       <LENGTH>8</LENGTH>
      </item>
      <item>
       <ID>I</ID>
       <KEY>PLO</KEY>
       <ENTRY>Für den Objekt Type</ENTRY>
       <LENGTH>30</LENGTH>
      </item>
      <item>
       <ID>I</ID>
       <KEY>SLK</KEY>
       <ENTRY>SAPlink</ENTRY>
       <LENGTH>7</LENGTH>
      </item>
      <item>
       <ID>I</ID>
       <KEY>TB1</KEY>
       <ENTRY>Objekt</ENTRY>
       <LENGTH>7</LENGTH>
      </item>
      <item>
       <ID>I</ID>
       <KEY>TB2</KEY>
       <ENTRY>Nugget</ENTRY>
       <LENGTH>6</LENGTH>
      </item>
      <item>
       <ID>S</ID>
       <KEY>EXPORT</KEY>
       <ENTRY>Objekt exportieren</ENTRY>
       <LENGTH>32</LENGTH>
      </item>
      <item>
       <ID>S</ID>
       <KEY>FILENAME</KEY>
       <ENTRY>SAPlink Dateiname</ENTRY>
       <LENGTH>33</LENGTH>
      </item>
      <item>
       <ID>S</ID>
       <KEY>IMPORT</KEY>
       <ENTRY>Objekt importieren</ENTRY>
       <LENGTH>26</LENGTH>
      </item>
      <item>
       <ID>S</ID>
       <KEY>NOBJNAM</KEY>
       <ENTRY>Objektname</ENTRY>
       <LENGTH>19</LENGTH>
      </item>
      <item>
       <ID>S</ID>
       <KEY>NOVRWR</KEY>
       <ENTRY>Originale überschreiben</ENTRY>
       <LENGTH>31</LENGTH>
      </item>
      <item>
       <ID>S</ID>
       <KEY>NPLUGIN</KEY>
       <ENTRY>Objekttyp</ENTRY>
       <LENGTH>19</LENGTH>
      </item>
      <item>
       <ID>S</ID>
       <KEY>NUGA</KEY>
       <ENTRY>Zum Nugget hinzufügen</ENTRY>
       <LENGTH>29</LENGTH>
      </item>
      <item>
       <ID>S</ID>
       <KEY>NUGC</KEY>
       <ENTRY>Neues Nugget anlegen</ENTRY>
       <LENGTH>28</LENGTH>
      </item>
      <item>
       <ID>S</ID>
       <KEY>NUGD</KEY>
       <ENTRY>Objekte des Nuggets anzeigen</ENTRY>
       <LENGTH>36</LENGTH>
      </item>
      <item>
       <ID>S</ID>
       <KEY>NUGFILE</KEY>
       <ENTRY>Nugget Dateiname</ENTRY>
       <LENGTH>32</LENGTH>
      </item>
      <item>
       <ID>S</ID>
       <KEY>NUGGNAM</KEY>
       <ENTRY>Nuggetname</ENTRY>
       <LENGTH>19</LENGTH>
      </item>
      <item>
       <ID>S</ID>
       <KEY>NUGI</KEY>
       <ENTRY>Nugget importieren</ENTRY>
       <LENGTH>26</LENGTH>
      </item>
      <item>
       <ID>S</ID>
       <KEY>NUGP</KEY>
       <ENTRY>Fügen Sie Paket Nugget hinzu</ENTRY>
       <LENGTH>36</LENGTH>
      </item>
      <item>
       <ID>S</ID>
       <KEY>NUGR</KEY>
       <ENTRY>Objekte aus Transport hinzuf.</ENTRY>
       <LENGTH>37</LENGTH>
      </item>
      <item>
       <ID>S</ID>
       <KEY>OBJNAME</KEY>
       <ENTRY>Objektname</ENTRY>
       <LENGTH>19</LENGTH>
      </item>
      <item>
       <ID>S</ID>
       <KEY>OVERWR</KEY>
       <ENTRY>Originale überschreiben</ENTRY>
       <LENGTH>31</LENGTH>
      </item>
      <item>
       <ID>S</ID>
       <KEY>PACKAGE</KEY>
       <ENTRY>Paket Name</ENTRY>
       <LENGTH>20</LENGTH>
      </item>
      <item>
       <ID>S</ID>
       <KEY>PLUGIN</KEY>
       <ENTRY>Objekttyp</ENTRY>
       <LENGTH>19</LENGTH>
      </item>
      <item>
       <ID>S</ID>
       <KEY>REQNUGG</KEY>
       <ENTRY>Transport Nummer</ENTRY>
       <LENGTH>24</LENGTH>
      </item>
      <item>
       <ID>S</ID>
       <KEY>SLPKG</KEY>
       <ENTRY>Paket Name</ENTRY>
       <LENGTH>20</LENGTH>
      </item>
     </TEXTPOOL>
    </item>
   </I18N_TPOOL>
  </asx:values>
 </asx:abap>
</abapGit>
