﻿<?xml version="1.0" encoding="utf-8"?>
<abapGit version="v1.0.0" serializer="LCL_OBJECT_CLAS" serializer_version="v1.0.0">
 <asx:abap xmlns:asx="http://www.sap.com/abapxml" version="1.0">
  <asx:values>
   <VSEOCLASS>
    <CLSNAME>ZSAPLINK_NUGGET</CLSNAME>
    <VERSION>1</VERSION>
    <LANGU>E</LANGU>
    <DESCRIPT>SAPlink Nugget</DESCRIPT>
    <EXPOSURE>2</EXPOSURE>
    <STATE>1</STATE>
    <CLSFINAL>X</CLSFINAL>
    <CLSCCINCL>X</CLSCCINCL>
    <FIXPT>X</FIXPT>
    <UNICODE>X</UNICODE>
   </VSEOCLASS>
   <DESCRIPTIONS>
    <SEOCOMPOTX>
     <CLSNAME>ZSAPLINK_NUGGET</CLSNAME>
     <CMPNAME>CONSTRUCTOR</CMPNAME>
     <LANGU>E</LANGU>
     <DESCRIPT>CONSTRUCTOR</DESCRIPT>
    </SEOCOMPOTX>
    <SEOCOMPOTX>
     <CLSNAME>ZSAPLINK_NUGGET</CLSNAME>
     <CMPNAME>ITERATOR</CMPNAME>
     <LANGU>E</LANGU>
     <DESCRIPT>IF_IXML_NODE_ITERATOR</DESCRIPT>
    </SEOCOMPOTX>
    <SEOCOMPOTX>
     <CLSNAME>ZSAPLINK_NUGGET</CLSNAME>
     <CMPNAME>IXML</CMPNAME>
     <LANGU>E</LANGU>
     <DESCRIPT>IF_IXML</DESCRIPT>
    </SEOCOMPOTX>
    <SEOCOMPOTX>
     <CLSNAME>ZSAPLINK_NUGGET</CLSNAME>
     <CMPNAME>NUGGNAME</CMPNAME>
     <LANGU>E</LANGU>
     <DESCRIPT>Nugget Name</DESCRIPT>
    </SEOCOMPOTX>
    <SEOCOMPOTX>
     <CLSNAME>ZSAPLINK_NUGGET</CLSNAME>
     <CMPNAME>STREAMFACTORY</CMPNAME>
     <LANGU>E</LANGU>
     <DESCRIPT>IF_IXML_STREAM_FACTORY</DESCRIPT>
    </SEOCOMPOTX>
    <SEOCOMPOTX>
     <CLSNAME>ZSAPLINK_NUGGET</CLSNAME>
     <CMPNAME>W_INDEX</CMPNAME>
     <LANGU>E</LANGU>
     <DESCRIPT>Table index of WT_OBJECTS</DESCRIPT>
    </SEOCOMPOTX>
    <SEOCOMPOTX>
     <CLSNAME>ZSAPLINK_NUGGET</CLSNAME>
     <CMPNAME>XMLDOC</CMPNAME>
     <LANGU>E</LANGU>
     <DESCRIPT>IF_IXML_DOCUMENT</DESCRIPT>
    </SEOCOMPOTX>
   </DESCRIPTIONS>
  </asx:values>
 </asx:abap>
</abapGit>
