﻿<?xml version="1.0" encoding="utf-8"?>
<abapGit version="v1.0.0" serializer="LCL_OBJECT_CLAS" serializer_version="v1.0.0">
 <asx:abap xmlns:asx="http://www.sap.com/abapxml" version="1.0">
  <asx:values>
   <VSEOCLASS>
    <CLSNAME>ZSAPLINK_VIEW_CLUSTER</CLSNAME>
    <VERSION>1</VERSION>
    <LANGU>E</LANGU>
    <DESCRIPT>SAPlink - View cluster</DESCRIPT>
    <EXPOSURE>2</EXPOSURE>
    <STATE>1</STATE>
    <CLSFINAL>X</CLSFINAL>
    <CLSCCINCL>X</CLSCCINCL>
    <FIXPT>X</FIXPT>
    <UNICODE>X</UNICODE>
   </VSEOCLASS>
   <DESCRIPTIONS>
    <SEOCOMPOTX>
     <CLSNAME>ZSAPLINK_VIEW_CLUSTER</CLSNAME>
     <CMPNAME>CHECK_AUTHORITY</CMPNAME>
     <LANGU>E</LANGU>
     <DESCRIPT>Authorization check</DESCRIPT>
    </SEOCOMPOTX>
    <SEOCOMPOTX>
     <CLSNAME>ZSAPLINK_VIEW_CLUSTER</CLSNAME>
     <CMPNAME>CREATE_TRANSPORT</CMPNAME>
     <LANGU>E</LANGU>
     <DESCRIPT>Create transport order for newly created view cluster</DESCRIPT>
    </SEOCOMPOTX>
    <SEOCOMPOTX>
     <CLSNAME>ZSAPLINK_VIEW_CLUSTER</CLSNAME>
     <CMPNAME>ENQUEUE</CMPNAME>
     <LANGU>E</LANGU>
     <DESCRIPT>Enqueue</DESCRIPT>
    </SEOCOMPOTX>
   </DESCRIPTIONS>
  </asx:values>
 </asx:abap>
</abapGit>
