﻿<?xml version="1.0" encoding="utf-8"?>
<abapGit version="v1.0.0" serializer="LCL_OBJECT_CLAS" serializer_version="v1.0.0">
 <asx:abap xmlns:asx="http://www.sap.com/abapxml" version="1.0">
  <asx:values>
   <VSEOCLASS>
    <CLSNAME>ZSAPLINK_PROGRAM</CLSNAME>
    <VERSION>1</VERSION>
    <LANGU>E</LANGU>
    <DESCRIPT>SAPlink - Programs</DESCRIPT>
    <EXPOSURE>2</EXPOSURE>
    <STATE>1</STATE>
    <CLSFINAL>X</CLSFINAL>
    <CLSCCINCL>X</CLSCCINCL>
    <FIXPT>X</FIXPT>
    <UNICODE>X</UNICODE>
    <WITH_UNIT_TESTS>X</WITH_UNIT_TESTS>
   </VSEOCLASS>
   <DESCRIPTIONS>
    <SEOCOMPOTX>
     <CLSNAME>ZSAPLINK_PROGRAM</CLSNAME>
     <CMPNAME>CREATE_DOCUMENTATION</CMPNAME>
     <LANGU>E</LANGU>
     <DESCRIPT>Create Documentation</DESCRIPT>
    </SEOCOMPOTX>
    <SEOCOMPOTX>
     <CLSNAME>ZSAPLINK_PROGRAM</CLSNAME>
     <CMPNAME>CREATE_DYNPRO</CMPNAME>
     <LANGU>E</LANGU>
     <DESCRIPT>Create Dynpro(Screen)</DESCRIPT>
    </SEOCOMPOTX>
    <SEOCOMPOTX>
     <CLSNAME>ZSAPLINK_PROGRAM</CLSNAME>
     <CMPNAME>CREATE_PFSTATUS</CMPNAME>
     <LANGU>E</LANGU>
     <DESCRIPT>Create Gui Status</DESCRIPT>
    </SEOCOMPOTX>
    <SEOCOMPOTX>
     <CLSNAME>ZSAPLINK_PROGRAM</CLSNAME>
     <CMPNAME>CREATE_SOURCE</CMPNAME>
     <LANGU>E</LANGU>
     <DESCRIPT>Create Source</DESCRIPT>
    </SEOCOMPOTX>
    <SEOCOMPOTX>
     <CLSNAME>ZSAPLINK_PROGRAM</CLSNAME>
     <CMPNAME>CREATE_TEXTPOOL</CMPNAME>
     <LANGU>E</LANGU>
     <DESCRIPT>Create Text Pool</DESCRIPT>
    </SEOCOMPOTX>
    <SEOCOMPOTX>
     <CLSNAME>ZSAPLINK_PROGRAM</CLSNAME>
     <CMPNAME>GET_DOCUMENTATION</CMPNAME>
     <LANGU>E</LANGU>
     <DESCRIPT>Get Documentation</DESCRIPT>
    </SEOCOMPOTX>
    <SEOCOMPOTX>
     <CLSNAME>ZSAPLINK_PROGRAM</CLSNAME>
     <CMPNAME>GET_DYNPRO</CMPNAME>
     <LANGU>E</LANGU>
     <DESCRIPT>Get Dynpro(Screen)</DESCRIPT>
    </SEOCOMPOTX>
    <SEOCOMPOTX>
     <CLSNAME>ZSAPLINK_PROGRAM</CLSNAME>
     <CMPNAME>GET_PFSTATUS</CMPNAME>
     <LANGU>E</LANGU>
     <DESCRIPT>Get Gui Status</DESCRIPT>
    </SEOCOMPOTX>
    <SEOCOMPOTX>
     <CLSNAME>ZSAPLINK_PROGRAM</CLSNAME>
     <CMPNAME>GET_SOURCE</CMPNAME>
     <LANGU>E</LANGU>
     <DESCRIPT>Get Report Sourcecode</DESCRIPT>
    </SEOCOMPOTX>
    <SEOCOMPOTX>
     <CLSNAME>ZSAPLINK_PROGRAM</CLSNAME>
     <CMPNAME>GET_TEXTPOOL</CMPNAME>
     <LANGU>E</LANGU>
     <DESCRIPT>Get Text Pool</DESCRIPT>
    </SEOCOMPOTX>
    <SEOCOMPOTX>
     <CLSNAME>ZSAPLINK_PROGRAM</CLSNAME>
     <CMPNAME>UPDATE_WB_TREE</CMPNAME>
     <LANGU>E</LANGU>
     <DESCRIPT>Update Workbench Tree</DESCRIPT>
    </SEOCOMPOTX>
   </DESCRIPTIONS>
  </asx:values>
 </asx:abap>
</abapGit>
